date,is_weekend,is_major_holiday,is_signature_promo_day,is_thanksgiving_special,is_christmas_week_special,is_closed,is_summer_deal_active,is_grad_season,is_major_sporting_event_window,is_special_day,day_of_week,month,weather,covers,avg_check,sales,labor_cost_pct,is_pos_outage
2023-12-23,True,False,False,False,True,False,False,False,False,True,Saturday,12,heavy_rain,755.0,30.39,22947.53,0.2634,False
2023-12-24,True,False,False,False,False,False,False,False,False,False,Sunday,12,rain,354.0,29.01,10271.09,0.2839,False
2023-12-25,False,False,False,False,False,True,False,False,False,False,Monday,12,heavy_rain,0.0,0.0,0.0,,False
2023-12-26,False,False,False,False,False,False,False,False,False,False,Tuesday,12,rain,218.0,27.39,5971.91,0.2931,False
2023-12-27,False,False,False,False,False,False,False,False,False,False,Wednesday,12,clear,242.0,33.36,8072.67,0.289,False
2023-12-28,False,False,False,False,False,False,False,False,False,False,Thursday,12,snow,157.0,23.49,3688.24,0.3106,False
2023-12-29,False,False,False,False,False,False,False,False,False,False,Friday,12,heavy_rain,182.0,28.82,5245.83,0.3002,False
2023-12-30,True,False,False,False,False,False,False,False,False,False,Saturday,12,heavy_rain,384.0,29.73,11417.11,0.2874,False
2023-12-31,True,False,False,False,False,False,False,False,False,False,Sunday,12,clear,416.0,24.02,9991.09,0.2964,False
2024-01-01,False,False,False,False,False,False,False,False,False,False,Monday,1,rain,184.0,28.52,5247.55,0.3073,False
2024-01-02,False,False,False,False,False,False,False,False,False,False,Tuesday,1,rain,186.0,30.27,5630.53,0.2795,False
2024-01-03,False,False,False,False,False,False,False,False,False,False,Wednesday,1,snow,122.0,23.46,2861.94,0.295,False
2024-01-04,False,False,False,False,False,False,False,False,False,False,Thursday,1,rain,216.0,25.97,5609.98,0.2921,False
2024-01-05,False,False,False,False,False,False,False,False,False,False,Friday,1,heavy_rain,202.0,21.14,4269.8,0.3029,False
2024-01-06,True,False,False,False,False,False,False,False,False,False,Saturday,1,rain,334.0,24.93,8328.01,0.2849,False
2024-01-07,True,False,False,False,False,False,False,False,False,False,Sunday,1,clear,339.0,32.89,11148.49,0.2885,False
2024-01-08,False,False,False,False,False,False,False,False,False,False,Monday,1,rain,178.0,24.58,4376.09,0.2947,False
2024-01-09,False,False,False,False,False,False,False,False,False,False,Tuesday,1,clear,195.0,22.76,4438.36,0.2626,False
2024-01-10,False,False,False,False,False,False,False,False,False,False,Wednesday,1,heavy_rain,172.0,26.73,4596.85,0.2916,False
2024-01-11,False,False,False,False,False,False,False,False,False,False,Thursday,1,rain,195.0,24.42,4761.92,0.2917,False
2024-01-12,False,False,False,False,False,False,False,False,False,False,Friday,1,heavy_rain,156.0,24.57,3833.2,0.2967,False
2024-01-13,True,False,False,False,False,False,False,False,False,False,Saturday,1,rain,323.0,31.69,10236.01,0.3133,False
2024-01-14,True,False,False,False,False,False,False,False,False,False,Sunday,1,snow,240.0,25.23,6054.32,0.2853,False
2024-01-15,False,False,False,False,False,False,False,False,False,False,Monday,1,heavy_rain,176.0,23.32,4104.9,0.2852,False
2024-01-16,False,False,False,False,False,False,False,False,False,False,Tuesday,1,heavy_rain,,,,,True
2024-01-17,False,False,False,False,False,False,False,False,False,False,Wednesday,1,clear,221.0,29.21,6454.86,0.2776,False
2024-01-18,False,False,False,False,False,False,False,False,False,False,Thursday,1,rain,190.0,30.16,5731.31,0.2828,False
2024-01-19,False,False,False,False,False,False,False,False,False,False,Friday,1,clear,169.0,24.01,4056.95,0.2902,False
2024-01-20,True,False,False,False,False,False,False,False,False,False,Saturday,1,clear,328.0,32.45,10644.46,0.3076,False
2024-01-21,True,False,False,False,False,False,False,False,False,False,Sunday,1,rain,339.0,26.4,8948.12,0.3085,False
2024-01-22,False,False,False,False,False,False,False,False,False,False,Monday,1,rain,209.0,32.37,6765.39,0.2843,False
2024-01-23,False,False,False,False,False,False,False,False,False,False,Tuesday,1,snow,146.0,22.69,3313.14,0.2964,False
2024-01-24,False,False,False,False,False,False,False,False,False,False,Wednesday,1,clear,203.0,30.49,6190.18,0.3016,False
2024-01-25,False,False,False,False,False,False,False,False,False,False,Thursday,1,rain,184.0,24.03,4421.59,0.2956,False
2024-01-26,False,False,False,False,False,False,False,False,False,False,Friday,1,rain,179.0,33.11,5925.81,0.2754,False
2024-01-27,True,False,False,False,False,False,False,False,False,False,Saturday,1,clear,363.0,31.13,11301.12,0.2634,False
2024-01-28,True,False,False,False,False,False,False,False,False,False,Sunday,1,clear,380.0,25.67,9755.1,0.2868,False
2024-01-29,False,False,False,False,False,False,False,False,False,False,Monday,1,rain,191.0,24.42,4664.34,0.3059,False
2024-01-30,False,False,False,False,False,False,False,False,False,False,Tuesday,1,clear,227.0,28.56,6482.03,0.3188,False
2024-01-31,False,False,False,False,False,False,False,False,False,False,Wednesday,1,rain,195.0,29.5,5752.64,0.2895,False
2024-02-01,False,False,False,False,False,False,False,False,False,False,Thursday,2,rain,191.0,25.78,4924.04,0.2817,False
2024-02-02,False,False,False,False,False,False,False,False,False,False,Friday,2,heavy_rain,175.0,26.14,4574.45,0.2773,False
2024-02-03,True,False,False,False,False,False,False,False,False,False,Saturday,2,rain,334.0,31.76,10608.8,0.2993,False
2024-02-04,True,False,False,False,False,False,False,False,False,False,Sunday,2,clear,351.0,29.46,10341.27,0.2653,False
2024-02-05,False,False,False,False,False,False,False,False,False,False,Monday,2,heavy_rain,172.0,22.26,3829.04,0.3074,False
2024-02-06,False,False,False,False,False,False,False,False,False,False,Tuesday,2,heavy_rain,154.0,23.58,3631.83,0.3125,False
2024-02-07,False,False,False,False,False,False,False,False,False,False,Wednesday,2,clear,207.0,26.74,5536.01,0.2963,False
2024-02-08,False,False,False,False,False,False,False,False,False,False,Thursday,2,clear,187.0,30.08,5625.49,0.286,False
2024-02-09,False,False,False,False,False,False,False,False,False,False,Friday,2,rain,206.0,31.56,6502.17,0.293,False
2024-02-10,True,False,False,False,False,False,False,False,False,False,Saturday,2,clear,370.0,31.84,11782.17,0.2904,False
2024-02-11,True,False,False,False,False,False,False,False,False,False,Sunday,2,clear,347.0,30.02,10415.97,0.2799,False
2024-02-12,False,False,False,False,False,False,False,False,False,False,Monday,2,clear,192.0,28.44,5461.34,0.318,False
2024-02-13,False,False,False,False,False,False,False,False,False,False,Tuesday,2,rain,211.0,24.0,5064.17,0.2871,False
2024-02-14,False,False,False,False,False,False,False,False,False,False,Wednesday,2,rain,190.0,25.53,4849.99,0.3052,False
2024-02-15,False,False,False,False,False,False,False,False,False,False,Thursday,2,rain,221.0,23.55,5204.94,0.2553,False
2024-02-16,False,False,False,False,False,False,False,False,False,False,Friday,2,rain,179.0,22.38,4006.34,0.3173,False
2024-02-17,True,False,False,False,False,False,False,False,False,False,Saturday,2,rain,333.0,30.18,10051.37,0.3146,False
2024-02-18,True,False,False,False,False,False,False,False,False,False,Sunday,2,rain,363.0,29.65,10763.98,0.2911,False
2024-02-19,False,False,False,False,False,False,False,False,False,False,Monday,2,clear,199.0,28.24,5619.06,0.2977,False
2024-02-20,False,False,False,False,False,False,False,False,False,False,Tuesday,2,clear,218.0,27.76,6051.88,0.2954,False
2024-02-21,False,False,False,False,False,False,False,False,False,False,Wednesday,2,rain,191.0,26.77,5112.72,0.2825,False
2024-02-22,False,False,False,False,False,False,False,False,False,False,Thursday,2,rain,194.0,27.8,5392.42,0.2988,False
2024-02-23,False,False,False,False,False,False,False,False,False,False,Friday,2,rain,178.0,25.87,4604.36,0.2828,False
2024-02-24,True,False,False,False,False,False,False,False,False,False,Saturday,2,rain,371.0,30.47,11305.5,0.28,False
2024-02-25,True,False,False,False,False,False,False,False,False,False,Sunday,2,rain,354.0,26.58,9409.31,0.3112,False
2024-02-26,False,False,False,False,False,False,False,False,False,False,Monday,2,rain,188.0,27.18,5109.74,0.3067,False
2024-02-27,False,False,False,False,False,False,False,False,False,False,Tuesday,2,rain,178.0,28.17,5014.51,0.2821,False
2024-02-28,False,False,False,False,False,False,False,False,False,False,Wednesday,2,clear,192.0,23.99,4606.53,0.2839,False
2024-02-29,False,False,False,False,False,False,False,False,False,False,Thursday,2,clear,204.0,26.16,5337.09,0.2812,False
2024-03-01,False,False,False,False,False,False,False,False,False,False,Friday,3,clear,195.0,24.13,4704.45,0.3053,False
2024-03-02,True,False,False,False,False,False,False,False,False,False,Saturday,3,clear,396.0,27.22,10780.88,0.2756,False
2024-03-03,True,False,False,False,False,False,False,False,False,False,Sunday,3,clear,390.0,25.34,9881.81,0.2984,False
2024-03-04,False,False,False,False,False,False,False,False,False,False,Monday,3,heavy_rain,163.0,30.26,4933.18,0.3043,False
2024-03-05,False,False,False,False,False,False,False,False,False,False,Tuesday,3,clear,187.0,29.55,5525.27,0.2885,False
2024-03-06,False,False,False,False,False,False,False,False,False,False,Wednesday,3,clear,190.0,27.73,5269.09,0.3064,False
2024-03-07,False,False,False,False,False,False,False,False,False,False,Thursday,3,clear,212.0,32.94,6983.79,0.2773,False
2024-03-08,False,False,False,False,False,False,False,False,False,False,Friday,3,clear,189.0,25.42,4803.66,0.2906,False
2024-03-09,True,False,False,False,False,False,False,False,False,False,Saturday,3,rain,336.0,41.73,14019.7,0.2671,False
2024-03-10,True,False,False,False,False,False,False,False,False,False,Sunday,3,rain,,,,,True
2024-03-11,False,False,False,False,False,False,False,False,False,False,Monday,3,rain,210.0,26.81,5629.79,0.2778,False
2024-03-12,False,False,False,False,False,False,False,False,False,False,Tuesday,3,rain,192.0,24.79,4759.31,0.2993,False
2024-03-13,False,False,False,False,False,False,False,False,False,False,Wednesday,3,clear,207.0,27.19,5627.92,0.2882,False
2024-03-14,False,False,False,False,False,False,False,False,False,False,Thursday,3,rain,173.0,28.74,4972.42,0.2771,False
2024-03-15,False,False,False,False,False,False,False,False,False,False,Friday,3,clear,206.0,25.65,5283.28,0.282,False
2024-03-16,True,False,False,False,False,False,False,False,False,False,Saturday,3,clear,329.0,35.89,11808.32,0.3085,False
2024-03-17,True,False,False,False,False,False,False,False,False,False,Sunday,3,clear,363.0,29.84,10833.48,0.2935,False
2024-03-18,False,False,False,False,False,False,False,False,False,False,Monday,3,rain,210.0,26.86,5640.13,0.2741,False
2024-03-19,False,False,False,False,False,False,False,False,False,False,Tuesday,3,rain,191.0,23.31,4452.81,0.3003,False
2024-03-20,False,False,False,False,False,False,False,False,False,False,Wednesday,3,clear,218.0,27.34,5959.91,0.2853,False
2024-03-21,False,False,False,False,False,False,False,False,False,False,Thursday,3,rain,194.0,25.59,4963.52,0.3447,False
2024-03-22,False,False,False,False,False,False,False,False,False,False,Friday,3,clear,190.0,24.17,4592.28,0.2992,False
2024-03-23,True,False,False,False,False,False,False,False,False,False,Saturday,3,rain,320.0,26.42,8454.38,0.2912,False
2024-03-24,True,False,False,False,False,False,False,False,False,False,Sunday,3,clear,374.0,39.96,14945.47,0.3005,False
2024-03-25,False,False,False,False,False,False,False,False,False,False,Monday,3,clear,176.0,25.19,4433.58,0.2682,False
2024-03-26,False,False,False,False,False,False,False,False,False,False,Tuesday,3,clear,205.0,21.83,4475.03,0.297,False
2024-03-27,False,False,False,False,False,False,False,False,False,False,Wednesday,3,rain,210.0,23.91,5021.17,0.3225,False
2024-03-28,False,False,False,False,False,False,False,False,False,False,Thursday,3,clear,190.0,25.84,4909.52,0.2915,False
2024-03-29,False,False,False,False,False,False,False,False,False,False,Friday,3,clear,222.0,27.76,6163.34,0.2604,False
2024-03-30,True,False,False,False,False,False,False,False,False,False,Saturday,3,clear,392.0,31.0,12150.59,0.2809,False
2024-03-31,True,False,False,False,False,False,False,False,False,False,Sunday,3,heavy_rain,318.0,31.45,10002.01,0.3145,False
2024-04-01,False,False,False,False,False,False,False,False,False,False,Monday,4,heavy_rain,174.0,24.06,4187.12,0.3028,False
2024-04-02,False,False,False,False,False,False,False,False,False,False,Tuesday,4,rain,199.0,27.08,5389.75,0.278,False
2024-04-03,False,False,False,False,False,False,False,False,False,False,Wednesday,4,clear,210.0,23.41,4915.15,,False
2024-04-04,False,False,False,False,False,False,False,False,False,False,Thursday,4,heavy_rain,172.0,24.14,4151.54,0.289,False
2024-04-05,False,False,False,False,False,False,False,False,False,False,Friday,4,rain,210.0,23.29,4890.64,0.2987,False
2024-04-06,True,False,False,False,False,False,False,False,False,False,Saturday,4,rain,325.0,25.15,8172.37,0.3178,False
2024-04-07,True,False,False,False,False,False,False,False,False,False,Sunday,4,clear,359.0,32.95,11829.16,0.3035,False
2024-04-08,False,False,False,False,False,False,False,False,False,False,Monday,4,clear,193.0,28.24,5450.27,0.2971,False
2024-04-09,False,False,False,False,False,False,False,False,False,False,Tuesday,4,clear,209.0,29.23,6109.69,0.2667,False
2024-04-10,False,False,False,False,False,False,False,False,False,False,Wednesday,4,heavy_rain,202.0,26.12,5276.84,0.2713,False
2024-04-11,False,False,False,False,False,False,False,False,False,False,Thursday,4,clear,,,,,True
2024-04-12,False,False,False,False,False,False,False,False,False,False,Friday,4,clear,202.0,21.05,4251.43,0.2766,False
2024-04-13,True,False,False,False,False,False,False,False,False,False,Saturday,4,clear,383.0,32.16,12319.04,0.283,False
2024-04-14,True,False,False,False,False,False,False,False,False,False,Sunday,4,rain,377.0,29.62,11167.86,0.2941,False
2024-04-15,False,False,False,False,False,False,False,False,False,False,Monday,4,clear,162.0,28.03,4541.2,0.2782,False
2024-04-16,False,False,False,False,False,False,False,False,False,False,Tuesday,4,rain,203.0,27.21,5524.26,0.2745,False
2024-04-17,False,False,False,False,False,False,False,False,False,False,Wednesday,4,rain,188.0,23.1,4342.01,0.2949,False
2024-04-18,False,False,False,False,False,False,False,False,False,False,Thursday,4,rain,210.0,21.72,4561.65,0.3027,False
2024-04-19,False,False,False,False,False,False,False,False,False,False,Friday,4,clear,214.0,23.87,5108.32,0.3081,False
2024-04-20,True,False,False,False,False,False,False,False,False,False,Saturday,4,rain,343.0,31.03,10644.69,0.3001,False
2024-04-21,True,False,False,False,False,False,False,False,False,False,Sunday,4,rain,346.0,31.5,10900.3,0.2914,False
2024-04-22,False,False,False,False,False,False,False,False,False,False,Monday,4,rain,206.0,22.06,4545.17,0.284,False
2024-04-23,False,False,False,False,False,False,False,False,False,False,Tuesday,4,clear,233.0,23.11,5385.16,0.2746,False
2024-04-24,False,False,False,False,False,False,False,False,False,False,Wednesday,4,clear,196.0,23.84,4672.38,0.2869,False
2024-04-25,False,False,False,False,False,False,False,False,False,False,Thursday,4,clear,210.0,24.91,5230.84,0.2976,False
2024-04-26,False,False,False,False,False,False,False,False,False,False,Friday,4,clear,240.0,22.08,5299.08,0.2961,False
2024-04-27,True,False,False,False,False,False,False,False,False,False,Saturday,4,clear,362.0,24.45,8851.07,0.2644,False
2024-04-28,True,False,False,False,False,False,False,False,False,False,Sunday,4,clear,360.0,26.28,9459.55,0.2824,False
2024-04-29,False,False,False,False,False,False,False,False,False,False,Monday,4,clear,198.0,26.27,5201.56,0.3097,False
2024-04-30,False,False,False,False,False,False,False,False,False,False,Tuesday,4,rain,186.0,22.57,4197.2,0.2983,False
2024-05-01,False,False,False,False,False,False,False,False,False,False,Wednesday,5,clear,202.0,25.64,5179.52,0.2705,False
2024-05-02,False,False,False,False,False,False,False,False,False,False,Thursday,5,rain,223.0,29.52,6583.32,0.3194,False
2024-05-03,False,False,False,False,False,False,False,False,False,False,Friday,5,clear,212.0,22.24,4714.84,0.2938,False
2024-05-04,True,False,False,False,False,False,False,False,False,False,Saturday,5,clear,382.0,28.29,10806.93,0.2963,False
2024-05-05,True,False,False,False,False,False,False,False,False,False,Sunday,5,clear,397.0,32.79,13019.49,0.2905,False
2024-05-06,False,False,False,False,False,False,False,False,False,False,Monday,5,clear,195.0,24.73,4821.81,0.2882,False
2024-05-07,False,False,False,False,False,False,False,False,False,False,Tuesday,5,heavy_rain,170.0,24.27,4125.96,0.2866,False
2024-05-08,False,False,False,False,False,False,False,False,False,False,Wednesday,5,clear,198.0,29.9,5919.36,0.3195,False
2024-05-09,False,False,False,False,False,False,False,False,False,False,Thursday,5,rain,216.0,25.06,5413.39,0.3055,False
2024-05-10,False,False,False,False,False,False,False,False,False,False,Friday,5,clear,182.0,29.68,5402.64,0.3029,False
2024-05-11,True,False,False,False,False,False,False,False,False,False,Saturday,5,clear,380.0,30.53,11602.12,0.297,False
2024-05-12,True,True,False,False,False,False,False,False,False,True,Sunday,5,clear,737.0,31.8,23433.77,0.241,False
2024-05-13,False,False,False,False,False,False,False,False,False,False,Monday,5,heavy_rain,189.0,27.54,5205.16,0.3108,False
2024-05-14,False,False,False,False,False,False,False,False,False,False,Tuesday,5,clear,213.0,27.02,5755.11,0.276,False
2024-05-15,False,False,False,False,False,False,False,False,False,False,Wednesday,5,clear,198.0,29.39,5818.92,0.2925,False
2024-05-16,False,False,False,False,False,False,False,False,False,False,Thursday,5,clear,203.0,24.34,4941.88,0.2685,False
2024-05-17,False,False,False,False,False,False,False,False,False,False,Friday,5,clear,237.0,26.13,6192.54,0.2556,False
2024-05-18,True,False,False,False,False,False,False,False,False,False,Saturday,5,clear,382.0,28.79,10996.52,0.2948,False
2024-05-19,True,False,False,False,False,False,False,False,False,False,Sunday,5,clear,387.0,31.56,12212.54,0.2746,False
2024-05-20,False,False,False,False,False,False,False,False,False,False,Monday,5,clear,213.0,22.99,4896.95,0.2635,False
2024-05-21,False,False,False,False,False,False,False,False,False,False,Tuesday,5,rain,203.0,29.37,5963.06,0.2956,False
2024-05-22,False,False,False,False,False,False,False,False,False,False,Wednesday,5,rain,203.0,27.5,5581.77,0.3214,False
2024-05-23,False,False,False,False,False,False,False,False,False,False,Thursday,5,clear,220.0,22.2,4883.87,0.3142,False
2024-05-24,False,False,False,False,False,False,False,False,False,False,Friday,5,clear,211.0,30.06,6341.98,0.2815,False
2024-05-25,True,False,False,False,False,False,False,False,False,False,Saturday,5,clear,360.0,37.92,13649.95,0.2829,False
2024-05-26,True,False,False,False,False,False,False,False,False,False,Sunday,5,rain,380.0,32.7,12427.75,0.2994,False
2024-05-27,False,False,False,False,False,False,False,False,False,False,Monday,5,clear,205.0,30.86,6325.5,0.3023,False
2024-05-28,False,False,False,False,False,False,False,False,False,False,Tuesday,5,rain,216.0,26.27,5673.83,0.2839,False
2024-05-29,False,False,False,False,False,False,False,False,False,False,Wednesday,5,rain,209.0,21.3,4451.74,0.2962,False
2024-05-30,False,False,False,False,False,False,False,False,False,False,Thursday,5,rain,200.0,20.84,4167.7,0.3018,False
2024-05-31,False,False,False,False,False,False,False,False,False,False,Friday,5,clear,221.0,26.81,5924.6,0.296,False
2024-06-01,True,False,True,False,False,False,True,True,False,True,Saturday,6,rain,862.0,30.47,26264.87,0.248,False
2024-06-02,True,False,False,False,False,False,True,True,False,False,Sunday,6,clear,424.0,25.99,11017.94,0.2881,False
2024-06-03,False,False,False,False,False,False,True,True,False,False,Monday,6,clear,228.0,25.8,5883.53,0.3086,False
2024-06-04,False,False,False,False,False,False,True,True,False,False,Tuesday,6,clear,220.0,27.99,6158.54,0.3046,False
2024-06-05,False,False,False,False,False,False,True,True,False,False,Wednesday,6,clear,222.0,21.84,4848.59,0.3007,False
2024-06-06,False,False,False,False,False,False,True,True,False,False,Thursday,6,rain,204.0,24.64,5025.86,0.3184,False
2024-06-07,False,False,False,False,False,False,True,True,False,False,Friday,6,rain,227.0,31.16,7074.35,0.2756,False
2024-06-08,True,False,False,False,False,False,True,True,False,False,Saturday,6,clear,411.0,25.49,10476.13,0.3158,False
2024-06-09,True,False,False,False,False,False,True,True,False,False,Sunday,6,heavy_rain,,,,,True
2024-06-10,False,False,False,False,False,False,True,True,False,False,Monday,6,clear,248.0,24.53,6083.63,0.3359,False
2024-06-11,False,False,False,False,False,False,True,True,False,False,Tuesday,6,clear,205.0,27.76,5690.78,0.2711,False
2024-06-12,False,False,False,False,False,False,True,True,False,False,Wednesday,6,clear,227.0,29.66,6732.66,0.2729,False
2024-06-13,False,False,False,False,False,False,True,True,False,False,Thursday,6,rain,211.0,28.42,5996.36,0.2936,False
2024-06-14,False,False,False,False,False,False,True,True,False,False,Friday,6,clear,224.0,29.0,6495.35,0.2905,False
2024-06-15,True,False,False,False,False,False,True,True,False,False,Saturday,6,clear,427.0,25.26,10784.75,0.3198,False
2024-06-16,True,True,False,False,False,False,True,False,False,True,Sunday,6,clear,781.0,31.4,24525.96,0.2431,False
2024-06-17,False,False,False,False,False,False,True,False,False,False,Monday,6,heavy_rain,202.0,23.47,4741.18,0.3077,False
2024-06-18,False,False,False,False,False,False,True,False,False,False,Tuesday,6,rain,199.0,26.82,5337.68,0.3083,False
2024-06-19,False,False,False,False,False,False,True,False,False,False,Wednesday,6,rain,206.0,26.82,5524.58,0.3004,False
2024-06-20,False,False,False,False,False,False,True,False,False,False,Thursday,6,rain,205.0,27.56,5649.49,0.2748,False
2024-06-21,False,False,False,False,False,False,True,False,False,False,Friday,6,rain,203.0,27.07,5495.79,0.3111,False
2024-06-22,True,False,False,False,False,False,True,False,False,False,Saturday,6,clear,376.0,26.21,9853.95,0.3116,False
2024-06-23,True,False,False,False,False,False,True,False,False,False,Sunday,6,clear,361.0,24.66,8903.41,0.3047,False
2024-06-24,False,False,False,False,False,False,True,False,False,False,Monday,6,rain,184.0,28.87,5311.95,0.2941,False
2024-06-25,False,False,False,False,False,False,True,False,False,False,Tuesday,6,clear,207.0,26.59,5503.37,0.2934,False
2024-06-26,False,False,False,False,False,False,True,False,False,False,Wednesday,6,clear,261.0,29.85,7789.58,0.2763,False
2024-06-27,False,False,False,False,False,False,True,False,False,False,Thursday,6,clear,217.0,25.86,5611.8,0.299,False
2024-06-28,False,False,False,False,False,False,True,False,False,False,Friday,6,rain,204.0,21.97,4480.98,0.296,False
2024-06-29,True,False,False,False,False,False,True,False,False,False,Saturday,6,clear,374.0,32.56,12179.23,0.2741,False
2024-06-30,True,False,False,False,False,False,True,False,False,False,Sunday,6,rain,403.0,27.74,11178.95,0.2738,False
2024-07-01,False,False,False,False,False,False,True,False,False,False,Monday,7,clear,195.0,27.09,5282.4,0.2799,False
2024-07-02,False,False,False,False,False,False,True,False,False,False,Tuesday,7,clear,208.0,24.06,5003.73,0.296,False
2024-07-03,False,False,False,False,False,False,True,False,False,False,Wednesday,7,clear,213.0,31.67,6746.0,0.2828,False
2024-07-04,False,False,False,False,False,False,True,False,False,False,Thursday,7,clear,168.0,23.4,3931.88,0.3018,False
2024-07-05,False,False,False,False,False,False,True,False,False,False,Friday,7,clear,202.0,24.97,5043.59,0.3,False
2024-07-06,True,False,False,False,False,False,True,False,False,False,Saturday,7,clear,336.0,29.38,9870.45,0.2837,False
2024-07-07,True,False,False,False,False,False,True,False,False,False,Sunday,7,rain,318.0,25.44,8089.2,0.3199,False
2024-07-08,False,False,False,False,False,False,True,False,False,False,Monday,7,clear,184.0,27.05,4977.56,0.2888,False
2024-07-09,False,False,False,False,False,False,True,False,False,False,Tuesday,7,clear,173.0,31.55,5457.89,0.2837,False
2024-07-10,False,False,False,False,False,False,True,False,False,False,Wednesday,7,clear,224.0,24.51,5491.12,0.2973,False
2024-07-11,False,False,False,False,False,False,True,False,False,False,Thursday,7,heavy_rain,179.0,27.26,4880.0,0.2658,False
2024-07-12,False,False,False,False,False,False,True,False,False,False,Friday,7,clear,168.0,18.69,3140.47,0.291,False
2024-07-13,True,False,False,False,False,False,True,False,False,False,Saturday,7,clear,337.0,28.86,9727.45,0.3082,False
2024-07-14,True,False,False,False,False,False,True,False,False,False,Sunday,7,clear,346.0,27.93,9664.06,0.2676,False
2024-07-15,False,False,False,False,False,False,True,False,False,False,Monday,7,clear,185.0,23.57,4360.02,0.313,False
2024-07-16,False,False,False,False,False,False,True,False,False,False,Tuesday,7,clear,181.0,29.6,5358.12,0.3134,False
2024-07-17,False,False,False,False,False,False,True,False,False,False,Wednesday,7,clear,164.0,25.0,4100.29,0.2921,False
2024-07-18,False,False,False,False,False,False,True,False,False,False,Thursday,7,clear,199.0,25.45,5064.97,0.2968,False
2024-07-19,False,False,False,False,False,False,True,False,False,False,Friday,7,clear,212.0,24.85,5268.07,0.3081,False
2024-07-20,True,False,False,False,False,False,True,False,False,False,Saturday,7,clear,283.0,23.04,6520.62,0.2952,False
2024-07-21,True,False,False,False,False,False,True,False,False,False,Sunday,7,clear,318.0,25.32,8050.66,0.3111,False
2024-07-22,False,False,False,False,False,False,True,False,False,False,Monday,7,clear,175.0,29.18,5106.22,0.2821,False
2024-07-23,False,False,False,False,False,False,True,False,False,False,Tuesday,7,clear,171.0,20.18,3451.51,0.294,False
2024-07-24,False,False,False,False,False,False,True,False,False,False,Wednesday,7,clear,173.0,23.72,4102.82,0.2856,False
2024-07-25,False,False,False,False,False,False,True,False,False,False,Thursday,7,clear,209.0,24.78,5179.5,0.2969,False
2024-07-26,False,False,False,False,False,False,True,False,False,False,Friday,7,clear,192.0,32.05,6153.81,0.3038,False
2024-07-27,True,False,False,False,False,False,True,False,False,False,Saturday,7,clear,352.0,31.8,11194.29,0.2867,False
2024-07-28,True,False,False,False,False,False,True,False,False,False,Sunday,7,rain,307.0,27.12,8327.2,0.2782,False
2024-07-29,False,False,False,False,False,False,True,False,False,False,Monday,7,clear,175.0,30.41,5321.04,0.2747,False
2024-07-30,False,False,False,False,False,False,True,False,False,False,Tuesday,7,clear,216.0,23.79,5138.48,0.2979,False
2024-07-31,False,False,False,False,False,False,True,False,False,False,Wednesday,7,clear,198.0,29.35,5810.7,0.316,False
2024-08-01,False,False,False,False,False,False,True,False,False,False,Thursday,8,clear,172.0,22.09,3799.12,0.3052,False
2024-08-02,False,False,False,False,False,False,True,False,False,False,Friday,8,rain,181.0,29.57,5352.85,0.285,False
2024-08-03,True,False,False,False,False,False,True,False,False,False,Saturday,8,clear,331.0,27.62,9142.4,0.3066,False
2024-08-04,True,False,False,False,False,False,True,False,False,False,Sunday,8,rain,326.0,25.63,8356.31,0.2936,False
2024-08-05,False,False,False,False,False,False,True,False,False,False,Monday,8,clear,213.0,25.33,5395.56,0.2849,False
2024-08-06,False,False,False,False,False,False,True,False,False,False,Tuesday,8,clear,167.0,26.88,4488.94,0.2811,False
2024-08-07,False,False,False,False,False,False,True,False,False,False,Wednesday,8,clear,187.0,24.5,4581.75,0.3161,False
2024-08-08,False,False,False,False,False,False,True,False,False,False,Thursday,8,clear,186.0,27.79,5168.4,0.2537,False
2024-08-09,False,False,False,False,False,False,True,False,False,False,Friday,8,clear,183.0,24.24,4436.51,0.3078,False
2024-08-10,True,False,False,False,False,False,True,False,False,False,Saturday,8,clear,339.0,31.24,10590.8,0.2842,False
2024-08-11,True,False,False,False,False,False,True,False,False,False,Sunday,8,rain,322.0,30.58,9846.92,0.287,False
2024-08-12,False,False,False,False,False,False,True,False,False,False,Monday,8,clear,207.0,25.81,5342.8,0.3162,False
2024-08-13,False,False,False,False,False,False,True,False,False,False,Tuesday,8,rain,149.0,24.66,3674.15,0.2892,False
2024-08-14,False,False,False,False,False,False,True,False,False,False,Wednesday,8,clear,192.0,26.48,5083.61,0.2821,False
2024-08-15,False,False,False,False,False,False,True,False,False,False,Thursday,8,clear,184.0,27.77,5110.55,0.2902,False
2024-08-16,False,False,False,False,False,False,True,False,False,False,Friday,8,clear,203.0,33.3,6759.6,0.2893,False
2024-08-17,True,False,False,False,False,False,True,False,False,False,Saturday,8,clear,326.0,32.46,10582.15,0.2845,False
2024-08-18,True,False,False,False,False,False,True,False,False,False,Sunday,8,clear,328.0,32.6,10693.89,0.2672,False
2024-08-19,False,False,False,False,False,False,True,False,False,False,Monday,8,clear,200.0,37.66,7532.9,0.2659,False
2024-08-20,False,False,False,False,False,False,True,False,False,False,Tuesday,8,clear,196.0,27.66,5421.49,0.3096,False
2024-08-21,False,False,False,False,False,False,True,False,False,False,Wednesday,8,clear,174.0,27.56,4794.9,0.295,False
2024-08-22,False,False,False,False,False,False,True,False,False,False,Thursday,8,clear,169.0,28.29,4781.34,0.3007,False
2024-08-23,False,False,False,False,False,False,True,False,False,False,Friday,8,clear,192.0,23.04,4422.75,0.292,False
2024-08-24,True,False,False,False,False,False,True,False,False,False,Saturday,8,rain,341.0,27.5,9376.01,0.2845,False
2024-08-25,True,False,False,False,False,False,True,False,False,False,Sunday,8,clear,313.0,27.29,8542.07,0.3219,False
2024-08-26,False,False,False,False,False,False,True,False,False,False,Monday,8,clear,178.0,28.1,5002.0,0.2899,False
2024-08-27,False,False,False,False,False,False,True,False,False,False,Tuesday,8,clear,205.0,25.46,5219.75,0.2849,False
2024-08-28,False,False,False,False,False,False,True,False,False,False,Wednesday,8,clear,195.0,26.43,5154.8,0.3083,False
2024-08-29,False,False,False,False,False,False,True,False,False,False,Thursday,8,clear,181.0,29.62,5361.98,0.2799,False
2024-08-30,False,False,False,False,False,False,True,False,False,False,Friday,8,rain,159.0,28.84,4585.15,0.2861,False
2024-08-31,True,False,False,False,False,False,True,False,False,False,Saturday,8,clear,324.0,28.44,9215.41,0.295,False
2024-09-01,True,False,False,False,False,False,False,False,False,False,Sunday,9,clear,355.0,26.76,9499.69,0.2941,False
2024-09-02,False,False,False,False,False,False,False,False,False,False,Monday,9,clear,171.0,29.79,5094.89,0.2961,False
2024-09-03,False,False,False,False,False,False,False,False,False,False,Tuesday,9,rain,197.0,28.53,5620.45,0.3207,False
2024-09-04,False,False,False,False,False,False,False,False,False,False,Wednesday,9,rain,199.0,21.44,4266.93,0.3018,False
2024-09-05,False,False,False,False,False,False,False,False,False,False,Thursday,9,clear,211.0,25.04,5283.67,0.2555,False
2024-09-06,False,False,False,False,False,False,False,False,False,False,Friday,9,clear,191.0,26.52,5065.62,0.2973,False
2024-09-07,True,False,False,False,False,False,False,False,False,False,Saturday,9,clear,351.0,31.84,11176.2,0.2901,False
2024-09-08,True,False,False,False,False,False,False,False,False,False,Sunday,9,clear,338.0,32.35,10933.14,0.2908,False
2024-09-09,False,False,False,False,False,False,False,False,False,False,Monday,9,rain,177.0,26.9,4761.49,0.2977,False
2024-09-10,False,False,False,False,False,False,False,False,False,False,Tuesday,9,clear,178.0,27.89,4964.71,0.2925,False
2024-09-11,False,False,False,False,False,False,False,False,False,False,Wednesday,9,clear,188.0,26.2,4925.77,0.2923,False
2024-09-12,False,False,False,False,False,False,False,False,False,False,Thursday,9,rain,174.0,23.98,4172.58,0.3064,False
2024-09-13,False,False,False,False,False,False,False,False,False,False,Friday,9,clear,223.0,25.2,5619.04,0.2812,False
2024-09-14,True,False,False,False,False,False,False,False,False,False,Saturday,9,clear,361.0,29.07,10492.89,0.2772,False
2024-09-15,True,False,False,False,False,False,False,False,False,False,Sunday,9,clear,380.0,28.88,10974.24,0.3354,False
2024-09-16,False,False,False,False,False,False,False,False,False,False,Monday,9,clear,210.0,20.74,4354.37,0.2855,False
2024-09-17,False,False,False,False,False,False,False,False,False,False,Tuesday,9,clear,173.0,24.79,4288.49,0.2981,False
2024-09-18,False,False,False,False,False,False,False,False,False,False,Wednesday,9,clear,196.0,26.18,5130.49,0.2696,False
2024-09-19,False,False,False,False,False,False,False,False,False,False,Thursday,9,clear,193.0,25.14,4851.4,0.2953,False
2024-09-20,False,False,False,False,False,False,False,False,False,False,Friday,9,clear,199.0,25.24,5023.0,0.2786,False
2024-09-21,True,False,False,False,False,False,False,False,False,False,Saturday,9,clear,325.0,30.75,9993.4,0.2861,False
2024-09-22,True,False,False,False,False,False,False,False,False,False,Sunday,9,clear,370.0,25.48,9426.91,0.31,False
2024-09-23,False,False,False,False,False,False,False,False,False,False,Monday,9,clear,217.0,21.39,4640.74,0.3018,False
2024-09-24,False,False,False,False,False,False,False,False,False,False,Tuesday,9,clear,193.0,24.94,4812.67,0.3023,False
2024-09-25,False,False,False,False,False,False,False,False,False,False,Wednesday,9,clear,201.0,28.5,5727.85,0.2622,False
2024-09-26,False,False,False,False,False,False,False,False,False,False,Thursday,9,rain,179.0,31.84,5698.67,0.3165,False
2024-09-27,False,False,False,False,False,False,False,False,False,False,Friday,9,rain,177.0,28.56,5054.84,0.2745,False
2024-09-28,True,False,False,False,False,False,False,False,False,False,Saturday,9,clear,334.0,24.32,8121.3,0.3208,False
2024-09-29,True,False,False,False,False,False,False,False,False,False,Sunday,9,clear,395.0,28.2,11140.0,0.3049,False
2024-09-30,False,False,False,False,False,False,False,False,False,False,Monday,9,clear,212.0,26.81,5684.39,0.2977,False
2024-10-01,False,False,False,False,False,False,False,True,False,False,Tuesday,10,clear,236.0,26.56,6268.17,0.273,False
2024-10-02,False,False,False,False,False,False,False,True,False,False,Wednesday,10,rain,252.0,27.74,6990.04,0.2841,False
2024-10-03,False,False,False,False,False,False,False,True,False,False,Thursday,10,clear,277.0,23.29,6451.5,0.2777,False
2024-10-04,False,False,False,False,False,False,False,True,False,False,Friday,10,clear,260.0,26.2,6812.89,0.2833,False
2024-10-05,True,False,False,False,False,False,False,True,False,False,Saturday,10,clear,433.0,30.5,13206.6,0.2802,False
2024-10-06,True,False,False,False,False,False,False,True,False,False,Sunday,10,rain,481.0,32.02,15401.86,0.2474,False
2024-10-07,False,False,False,False,False,False,False,True,False,False,Monday,10,clear,248.0,23.6,5853.76,0.3049,False
2024-10-08,False,False,False,False,False,False,False,True,False,False,Tuesday,10,rain,225.0,,5612.65,0.2882,False
2024-10-09,False,False,False,False,False,False,False,True,False,False,Wednesday,10,clear,265.0,18.8,4980.91,0.2856,False
2024-10-10,False,False,False,False,False,False,False,True,False,False,Thursday,10,heavy_rain,235.0,24.13,5670.92,0.2807,False
2024-10-11,False,False,False,False,False,False,False,True,False,False,Friday,10,clear,237.0,24.41,5786.18,0.2938,False
2024-10-12,True,False,False,False,False,False,False,True,False,False,Saturday,10,rain,444.0,25.66,11393.18,0.2755,False
2024-10-13,True,False,False,False,False,False,False,True,False,False,Sunday,10,heavy_rain,386.0,29.58,11418.69,0.255,False
2024-10-14,False,False,False,True,False,False,False,True,False,True,Monday,10,heavy_rain,868.0,28.02,24325.92,0.2561,False
2024-10-15,False,False,False,False,False,False,False,True,False,False,Tuesday,10,rain,221.0,19.83,4381.53,0.3039,False
2024-10-16,False,False,False,False,False,False,False,False,False,False,Wednesday,10,rain,218.0,26.68,5816.49,0.2853,False
2024-10-17,False,False,False,False,False,False,False,False,False,False,Thursday,10,rain,225.0,23.26,5233.3,0.2742,False
2024-10-18,False,False,False,False,False,False,False,False,False,False,Friday,10,rain,215.0,27.56,5925.48,0.289,False
2024-10-19,True,False,False,False,False,False,False,False,False,False,Saturday,10,clear,401.0,24.87,9970.99,0.2708,False
2024-10-20,True,False,False,False,False,False,False,False,False,False,Sunday,10,rain,408.0,29.1,11874.68,0.2722,False
2024-10-21,False,False,False,False,False,False,False,False,False,False,Monday,10,rain,217.0,25.13,5453.51,0.279,False
2024-10-22,False,False,False,False,False,False,False,False,False,False,Tuesday,10,heavy_rain,188.0,26.96,5069.06,0.305,False
2024-10-23,False,False,False,False,False,False,False,False,False,False,Wednesday,10,clear,223.0,26.39,5885.41,0.2825,False
2024-10-24,False,False,False,False,False,False,False,False,False,False,Thursday,10,clear,257.0,25.22,6480.5,0.2779,False
2024-10-25,False,False,False,False,False,False,False,False,False,False,Friday,10,rain,208.0,21.62,4497.52,0.3248,False
2024-10-26,True,False,False,False,False,False,False,False,False,False,Saturday,10,clear,402.0,24.29,9764.25,0.2987,False
2024-10-27,True,False,False,False,False,False,False,False,False,False,Sunday,10,clear,460.0,27.04,12437.31,0.2912,False
2024-10-28,False,False,False,False,False,False,False,False,False,False,Monday,10,clear,219.0,25.97,5688.35,0.2834,False
2024-10-29,False,False,False,False,False,False,False,False,False,False,Tuesday,10,clear,228.0,24.17,5510.73,0.281,False
2024-10-30,False,False,False,False,False,False,False,False,False,False,Wednesday,10,clear,215.0,28.03,6025.53,0.2543,False
2024-10-31,False,False,False,False,False,False,False,False,False,False,Thursday,10,clear,246.0,25.14,6185.24,0.3008,False
2024-11-01,False,False,False,False,False,False,False,False,False,False,Friday,11,rain,229.0,23.16,5302.94,0.2978,False
2024-11-02,True,False,False,False,False,False,False,False,False,False,Saturday,11,clear,414.0,28.05,11611.95,0.2856,False
2024-11-03,True,False,False,False,False,False,False,False,False,False,Sunday,11,rain,356.0,29.8,10607.64,0.289,False
2024-11-04,False,False,False,False,False,False,False,False,False,False,Monday,11,rain,,,,,True
2024-11-05,False,False,False,False,False,False,False,False,False,False,Tuesday,11,clear,228.0,32.57,7426.78,0.2562,False
2024-11-06,False,False,False,False,False,False,False,False,False,False,Wednesday,11,heavy_rain,208.0,23.99,4990.87,0.2839,False
2024-11-07,False,False,False,False,False,False,False,False,False,False,Thursday,11,heavy_rain,200.0,25.77,5154.35,0.2748,False
2024-11-08,False,False,False,False,False,False,False,False,False,False,Friday,11,rain,216.0,27.36,5910.64,0.3143,False
2024-11-09,True,False,False,False,False,False,False,False,False,False,Saturday,11,clear,363.0,28.92,10497.45,0.3045,False
2024-11-10,True,False,False,False,False,False,False,False,False,False,Sunday,11,rain,367.0,27.31,10022.46,0.2596,False
2024-11-11,False,False,False,False,False,False,False,False,False,False,Monday,11,heavy_rain,193.0,21.59,4166.68,0.2746,False
2024-11-12,False,False,False,False,False,False,False,False,False,False,Tuesday,11,rain,194.0,24.45,4744.09,0.2921,False
2024-11-13,False,False,False,False,False,False,False,False,False,False,Wednesday,11,heavy_rain,197.0,22.86,4502.81,0.2884,False
2024-11-14,False,False,False,False,False,False,False,False,False,False,Thursday,11,rain,190.0,21.13,4015.54,0.2782,False
2024-11-15,False,False,False,False,False,False,False,False,False,False,Friday,11,rain,199.0,23.63,4702.83,0.3235,False
2024-11-16,True,False,False,False,False,False,False,False,False,False,Saturday,11,clear,389.0,25.58,9948.97,0.2976,False
2024-11-17,True,False,False,False,False,False,False,False,False,False,Sunday,11,rain,337.0,31.1,10482.19,0.2985,False
2024-11-18,False,False,False,False,False,False,False,False,False,False,Monday,11,clear,238.0,27.94,6650.84,0.2733,False
2024-11-19,False,False,False,False,False,False,False,False,False,False,Tuesday,11,rain,218.0,23.33,5085.39,0.3031,False
2024-11-20,False,False,False,False,False,False,False,False,False,False,Wednesday,11,heavy_rain,181.0,25.2,4561.31,0.2894,False
2024-11-21,False,False,False,False,False,False,False,False,False,False,Thursday,11,clear,211.0,20.8,4389.48,0.2918,False
2024-11-22,False,False,False,False,False,False,False,False,False,False,Friday,11,rain,211.0,24.5,5170.03,0.301,False
2024-11-23,True,False,False,False,False,False,False,False,False,False,Saturday,11,clear,403.0,30.42,12260.16,0.2621,False
2024-11-24,True,False,False,False,False,False,False,False,False,False,Sunday,11,rain,367.0,32.02,11750.49,0.3119,False
2024-11-25,False,False,False,False,False,False,False,False,False,False,Monday,11,clear,211.0,23.87,5036.11,0.2953,False
2024-11-26,False,False,False,False,False,False,False,False,False,False,Tuesday,11,heavy_rain,219.0,29.5,6460.04,0.304,False
2024-11-27,False,False,False,False,False,False,False,False,False,False,Wednesday,11,clear,229.0,21.68,4963.84,0.2768,False
2024-11-28,False,False,False,False,False,False,False,False,False,False,Thursday,11,snow,168.0,22.38,3760.64,0.2856,False
2024-11-29,False,False,False,False,False,False,False,False,False,False,Friday,11,heavy_rain,209.0,28.31,5917.03,0.2703,False
2024-11-30,True,False,False,False,False,False,False,False,False,False,Saturday,11,rain,369.0,35.44,13077.22,0.2881,False
2024-12-01,True,False,False,False,False,False,False,False,False,False,Sunday,12,heavy_rain,332.0,30.77,10215.31,0.2931,False
2024-12-02,False,False,False,False,False,False,False,False,False,False,Monday,12,heavy_rain,202.0,25.87,5226.64,0.2845,False
2024-12-03,False,False,False,False,False,False,False,False,False,False,Tuesday,12,snow,165.0,19.98,3296.51,0.2868,False
2024-12-04,False,False,False,False,False,False,False,False,False,False,Wednesday,12,clear,221.0,20.4,4507.8,0.2764,False
2024-12-05,False,False,False,False,False,False,False,False,False,False,Thursday,12,rain,215.0,26.41,5677.49,0.2883,False
2024-12-06,False,False,False,False,False,False,False,False,False,False,Friday,12,clear,243.0,24.91,6052.28,0.28,False
2024-12-07,True,False,False,False,False,False,False,False,False,False,Saturday,12,rain,366.0,25.4,9294.97,0.2844,False
2024-12-08,True,False,False,False,False,False,False,False,False,False,Sunday,12,clear,429.0,29.23,12539.22,0.309,False
2024-12-09,False,False,False,False,False,False,False,False,False,False,Monday,12,rain,202.0,26.36,5325.06,0.2897,False
2024-12-10,False,False,False,False,False,False,False,False,False,False,Tuesday,12,rain,196.0,29.12,5707.53,0.3079,False
2024-12-11,False,False,False,False,False,False,False,False,False,False,Wednesday,12,rain,189.0,26.43,4995.22,0.2848,False
2024-12-12,False,False,False,False,False,False,False,False,False,False,Thursday,12,rain,190.0,30.13,5724.6,0.2924,False
2024-12-13,False,False,False,False,False,False,False,False,False,False,Friday,12,heavy_rain,196.0,26.02,5100.89,0.2913,False
2024-12-14,True,False,False,False,False,False,False,False,False,False,Saturday,12,heavy_rain,354.0,28.6,10124.9,0.2669,False
2024-12-15,True,False,False,False,False,False,False,False,False,False,Sunday,12,rain,382.0,32.95,12587.18,0.3071,False
2024-12-16,False,False,False,False,False,False,False,False,False,False,Monday,12,rain,218.0,23.12,5040.09,0.2905,False
2024-12-17,False,False,False,False,False,False,False,False,False,False,Tuesday,12,snow,150.0,36.45,5466.89,0.3014,False
2024-12-18,False,False,False,False,True,False,False,False,False,True,Wednesday,12,clear,724.0,29.82,21589.92,0.2387,False
2024-12-19,False,False,False,False,True,False,False,False,False,True,Thursday,12,clear,728.0,30.79,22417.75,0.2475,False
2024-12-20,False,False,False,False,True,False,False,False,False,True,Friday,12,clear,828.0,29.9,24755.22,0.237,False
2024-12-21,True,False,False,False,True,False,False,False,False,True,Saturday,12,rain,791.0,30.34,23991.06,0.2731,False
2024-12-22,True,False,False,False,True,False,False,False,False,True,Sunday,12,rain,954.0,25.61,24435.2,0.258,False
2024-12-23,False,False,False,False,True,False,False,False,False,True,Monday,12,heavy_rain,808.0,27.13,21926.24,0.2555,False
2024-12-24,False,False,False,False,False,False,False,False,False,False,Tuesday,12,rain,196.0,30.77,6030.76,0.3075,False
2024-12-25,False,False,False,False,False,True,False,False,False,False,Wednesday,12,rain,0.0,0.0,0.0,,False
2024-12-26,False,False,False,False,False,False,False,False,False,False,Thursday,12,heavy_rain,196.0,26.34,5161.95,0.3033,False
2024-12-27,False,False,False,False,False,False,False,False,False,False,Friday,12,heavy_rain,195.0,22.3,4348.5,0.275,False
2024-12-28,True,False,False,False,False,False,False,False,False,False,Saturday,12,clear,405.0,30.89,12510.54,0.2754,False
2024-12-29,True,False,False,False,False,False,False,False,False,False,Sunday,12,rain,350.0,26.82,9386.84,0.2793,False
2024-12-30,False,False,False,False,False,False,False,False,False,False,Monday,12,rain,216.0,26.31,5683.91,0.2999,False
2024-12-31,False,False,False,False,False,False,False,False,False,False,Tuesday,12,clear,195.0,25.13,4900.07,0.2958,False
2025-01-01,False,False,False,False,False,False,False,False,False,False,Wednesday,1,clear,193.0,32.76,6321.98,0.2647,False
2025-01-02,False,False,False,False,False,False,False,False,False,False,Thursday,1,snow,127.0,32.98,4188.74,0.2943,False
2025-01-03,False,False,False,False,False,False,False,False,False,False,Friday,1,rain,195.0,26.15,5098.38,0.2698,False
2025-01-04,True,False,False,False,False,False,False,False,False,False,Saturday,1,rain,351.0,29.22,10257.45,0.2912,False
2025-01-05,True,False,False,False,False,False,False,False,False,False,Sunday,1,rain,346.0,27.73,9594.27,0.269,False
2025-01-06,False,False,False,False,False,False,False,False,False,False,Monday,1,rain,185.0,29.69,5492.69,0.298,False
2025-01-07,False,False,False,False,False,False,False,False,False,False,Tuesday,1,snow,159.0,24.99,3974.01,0.304,False
2025-01-08,False,False,False,False,False,False,False,False,False,False,Wednesday,1,heavy_rain,172.0,24.72,4251.51,0.3254,False
2025-01-09,False,False,False,False,False,False,False,False,False,False,Thursday,1,rain,195.0,29.24,5701.74,0.3016,False
2025-01-10,False,False,False,False,False,False,False,False,False,False,Friday,1,rain,185.0,24.37,4509.12,0.2891,False
2025-01-11,True,False,False,False,False,False,False,False,False,False,Saturday,1,snow,274.0,28.87,7910.08,0.3107,False
2025-01-12,True,False,False,False,False,False,False,False,False,False,Sunday,1,rain,330.0,23.99,7915.92,0.2774,False
2025-01-13,False,False,False,False,False,False,False,False,False,False,Monday,1,snow,136.0,28.29,3847.79,0.2846,False
2025-01-14,False,False,False,False,False,False,False,False,False,False,Tuesday,1,clear,184.0,32.82,6038.65,0.2921,False
2025-01-15,False,False,False,False,False,False,False,False,False,False,Wednesday,1,heavy_rain,182.0,28.35,5159.79,0.2595,False
2025-01-16,False,False,False,False,False,False,False,False,False,False,Thursday,1,rain,170.0,30.99,5267.5,0.2907,False
2025-01-17,False,False,False,False,False,False,False,False,False,False,Friday,1,clear,189.0,23.49,4439.56,0.2805,False
2025-01-18,True,False,False,False,False,False,False,False,False,False,Saturday,1,rain,327.0,29.83,9755.78,0.2949,False
2025-01-19,True,False,False,False,False,False,False,False,False,False,Sunday,1,rain,316.0,25.9,8183.37,0.2815,False
2025-01-20,False,False,False,False,False,False,False,False,False,False,Monday,1,clear,197.0,25.3,4983.9,0.2992,False
2025-01-21,False,False,False,False,False,False,False,False,False,False,Tuesday,1,rain,173.0,28.52,4934.73,0.2934,False
2025-01-22,False,False,False,False,False,False,False,False,False,False,Wednesday,1,heavy_rain,161.0,26.32,4237.46,0.3179,False
2025-01-23,False,False,False,False,False,False,False,False,False,False,Thursday,1,clear,202.0,21.95,4433.07,0.2959,False
2025-01-24,False,False,False,False,False,False,False,False,False,False,Friday,1,rain,211.0,22.2,4685.14,0.2829,False
2025-01-25,True,False,False,False,False,False,False,False,False,False,Saturday,1,rain,333.0,24.57,8182.06,0.294,False
2025-01-26,True,False,False,False,False,False,False,False,False,False,Sunday,1,clear,342.0,30.76,10520.5,0.2711,False
2025-01-27,False,False,False,False,False,False,False,False,False,False,Monday,1,snow,156.0,33.31,5195.87,0.2978,False
2025-01-28,False,False,False,False,False,False,False,False,False,False,Tuesday,1,heavy_rain,162.0,30.62,4960.13,0.3018,False
2025-01-29,False,False,False,False,False,False,False,False,False,False,Wednesday,1,clear,199.0,20.71,4121.13,0.3346,False
2025-01-30,False,False,False,False,False,False,False,False,False,False,Thursday,1,snow,138.0,30.83,4255.12,0.2875,False
2025-01-31,False,False,False,False,False,False,False,False,False,False,Friday,1,heavy_rain,168.0,29.09,4887.46,0.2893,False
2025-02-01,True,False,False,False,False,False,False,False,False,False,Saturday,2,clear,351.0,24.09,8456.12,0.2883,False
2025-02-02,True,False,False,False,False,False,False,False,False,False,Sunday,2,heavy_rain,290.0,27.96,8109.51,0.3011,False
2025-02-03,False,False,False,False,False,False,False,False,False,False,Monday,2,clear,218.0,29.65,6464.33,0.2905,False
2025-02-04,False,False,False,False,False,False,False,False,False,False,Tuesday,2,snow,130.0,27.78,3610.79,0.2995,False
2025-02-05,False,False,False,False,False,False,False,False,False,False,Wednesday,2,rain,191.0,22.22,4244.07,0.3131,False
2025-02-06,False,False,False,False,False,False,False,False,False,False,Thursday,2,rain,181.0,27.98,5063.85,0.2831,False
2025-02-07,False,False,False,False,False,False,False,False,False,False,Friday,2,clear,207.0,20.12,4164.35,0.3121,False
2025-02-08,True,False,False,False,False,False,False,False,False,False,Saturday,2,heavy_rain,279.0,28.23,7877.52,0.3066,False
2025-02-09,True,False,False,False,False,False,False,False,False,False,Sunday,2,clear,365.0,33.24,12133.77,0.2867,False
2025-02-10,False,False,False,False,False,False,False,False,False,False,Monday,2,clear,218.0,26.06,5680.52,0.2843,False
2025-02-11,False,False,False,False,False,False,False,False,False,False,Tuesday,2,clear,205.0,24.49,5020.24,0.329,False
2025-02-12,False,False,False,False,False,False,False,False,False,False,Wednesday,2,rain,187.0,28.93,5409.58,0.2782,False
2025-02-13,False,False,False,False,False,False,False,False,False,False,Thursday,2,clear,223.0,29.23,6517.45,0.2889,False
2025-02-14,False,False,False,False,False,False,False,False,False,False,Friday,2,heavy_rain,159.0,30.43,4837.75,0.2824,False
2025-02-15,True,False,False,False,False,False,False,False,False,False,Saturday,2,rain,347.0,32.21,11176.2,0.3163,False
2025-02-16,True,False,False,False,False,False,False,False,False,False,Sunday,2,clear,366.0,33.02,12084.68,0.3003,False
2025-02-17,False,False,False,False,False,False,False,False,False,False,Monday,2,clear,201.0,28.39,5706.44,0.2787,False
2025-02-18,False,False,False,False,False,False,False,False,False,False,Tuesday,2,clear,200.0,26.84,5368.36,0.2984,False
2025-02-19,False,False,False,False,False,False,False,False,False,False,Wednesday,2,rain,177.0,26.28,4651.7,0.2985,False
2025-02-20,False,False,False,False,False,False,False,False,False,False,Thursday,2,heavy_rain,169.0,25.27,4270.66,0.289,False
2025-02-21,False,False,False,False,False,False,False,False,False,False,Friday,2,clear,207.0,22.48,4653.3,0.306,False
2025-02-22,True,False,False,False,False,False,False,False,False,False,Saturday,2,heavy_rain,329.0,25.86,8507.61,0.3026,False
2025-02-23,True,False,False,False,False,False,False,False,False,False,Sunday,2,clear,372.0,28.04,10429.02,0.2948,False
2025-02-24,False,False,False,False,False,False,False,False,False,False,Monday,2,heavy_rain,174.0,26.76,4657.0,0.294,False
2025-02-25,False,False,False,False,False,False,False,False,False,False,Tuesday,2,heavy_rain,164.0,30.91,5068.81,0.2988,False
2025-02-26,False,False,False,False,False,False,False,False,False,False,Wednesday,2,rain,177.0,25.87,4578.98,0.2985,False
2025-02-27,False,False,False,False,False,False,False,False,False,False,Thursday,2,rain,185.0,29.33,5425.52,0.2913,False
2025-02-28,False,False,False,False,False,False,False,False,False,False,Friday,2,heavy_rain,205.0,29.6,6067.03,0.2773,False
2025-03-01,True,False,False,False,False,False,False,False,False,False,Saturday,3,clear,374.0,28.21,10548.91,0.3166,False
2025-03-02,True,False,False,False,False,False,False,False,False,False,Sunday,3,clear,395.0,31.15,12302.34,0.2707,False
2025-03-03,False,False,False,False,False,False,False,False,False,False,Monday,3,clear,212.0,25.25,5353.25,0.2972,False
2025-03-04,False,False,False,False,False,False,False,False,False,False,Tuesday,3,rain,198.0,30.47,6033.12,0.2823,False
2025-03-05,False,False,False,False,False,False,False,False,False,False,Wednesday,3,rain,205.0,28.06,5752.6,0.315,False
2025-03-06,False,False,False,False,False,False,False,False,False,False,Thursday,3,rain,205.0,22.54,4620.46,0.2812,False
2025-03-07,False,False,False,False,False,False,False,False,False,False,Friday,3,heavy_rain,179.0,26.51,4745.09,0.2831,False
2025-03-08,True,False,False,False,False,False,False,False,False,False,Saturday,3,clear,385.0,35.34,13606.63,0.2683,False
2025-03-09,True,False,False,False,False,False,False,False,False,False,Sunday,3,rain,329.0,28.38,9335.74,0.2994,False
2025-03-10,False,False,False,False,False,False,False,False,False,False,Monday,3,clear,206.0,27.44,5651.63,0.2686,False
2025-03-11,False,False,False,False,False,False,False,False,False,False,Tuesday,3,clear,218.0,27.76,6051.72,0.2798,False
2025-03-12,False,False,False,False,False,False,False,False,False,False,Wednesday,3,rain,212.0,22.96,4867.27,0.2612,False
2025-03-13,False,False,False,False,False,False,False,False,False,False,Thursday,3,snow,160.0,27.64,4422.92,0.2995,False
2025-03-14,False,False,False,False,False,False,False,False,False,False,Friday,3,rain,200.0,22.0,4399.09,0.2885,False
2025-03-15,True,False,False,False,False,False,False,False,False,False,Saturday,3,clear,357.0,26.9,9604.21,0.2715,False
2025-03-16,True,False,False,False,False,False,False,False,False,False,Sunday,3,rain,319.0,33.0,10525.68,0.3076,False
2025-03-17,False,False,False,False,False,False,False,False,False,False,Monday,3,clear,200.0,27.14,5427.45,0.2708,False
2025-03-18,False,False,False,False,False,False,False,False,False,False,Tuesday,3,heavy_rain,179.0,25.07,4487.02,0.3075,False
2025-03-19,False,False,False,False,False,False,False,False,False,False,Wednesday,3,rain,186.0,27.43,5102.16,0.2817,False
2025-03-20,False,False,False,False,False,False,False,False,False,False,Thursday,3,clear,224.0,25.81,5782.15,0.3125,False
2025-03-21,False,False,False,False,False,False,False,False,False,False,Friday,3,clear,224.0,26.04,5832.8,0.2994,False
2025-03-22,True,False,False,False,False,False,False,False,False,False,Saturday,3,clear,417.0,31.38,13084.72,0.2692,False
2025-03-23,True,False,False,False,False,False,False,False,False,False,Sunday,3,snow,238.0,26.58,6325.11,0.289,False
2025-03-24,False,False,False,False,False,False,False,False,False,False,Monday,3,rain,194.0,26.13,5068.47,0.3014,False
2025-03-25,False,False,False,False,False,False,False,False,False,False,Tuesday,3,rain,178.0,25.04,4457.79,0.2917,False
2025-03-26,False,False,False,False,False,False,False,False,False,False,Wednesday,3,rain,162.0,21.5,3482.2,0.2985,False
2025-03-27,False,False,False,False,False,False,False,False,False,False,Thursday,3,rain,177.0,23.28,4120.75,0.3166,False
2025-03-28,False,False,False,False,False,False,False,False,False,False,Friday,3,clear,204.0,31.38,6402.23,0.2738,False
2025-03-29,True,False,False,False,False,False,False,False,False,False,Saturday,3,heavy_rain,311.0,30.37,9445.14,0.2956,False
2025-03-30,True,False,False,False,False,False,False,False,False,False,Sunday,3,clear,378.0,24.74,9352.13,0.3088,False
2025-03-31,False,False,False,False,False,False,False,False,False,False,Monday,3,rain,201.0,21.61,4344.04,0.3084,False
2025-04-01,False,False,False,False,False,False,False,False,False,False,Tuesday,4,rain,197.0,25.65,5053.52,0.29,False
2025-04-02,False,False,False,False,False,False,False,False,False,False,Wednesday,4,rain,213.0,31.36,6679.05,0.2792,False
2025-04-03,False,False,False,False,False,False,False,False,False,False,Thursday,4,heavy_rain,185.0,25.42,4703.4,0.2683,False
2025-04-04,False,False,False,False,False,False,False,False,False,False,Friday,4,clear,205.0,30.42,6235.08,0.2701,False
2025-04-05,True,False,False,False,False,False,False,False,False,False,Saturday,4,clear,350.0,30.25,10587.83,0.2959,False
2025-04-06,True,False,False,False,False,False,False,False,False,False,Sunday,4,clear,420.0,30.69,12888.63,0.2828,False
2025-04-07,False,False,False,False,False,False,False,False,False,False,Monday,4,clear,216.0,22.15,4784.27,0.295,False
2025-04-08,False,False,False,False,False,False,False,False,False,False,Tuesday,4,clear,202.0,29.1,5877.38,0.3035,False
2025-04-09,False,False,False,False,False,False,False,False,False,False,Wednesday,4,clear,217.0,24.98,5419.73,0.2726,False
2025-04-10,False,False,False,False,False,False,False,False,False,False,Thursday,4,clear,209.0,28.84,6026.98,0.2836,False
2025-04-11,False,False,False,False,False,False,False,False,False,False,Friday,4,clear,194.0,23.58,4574.51,,False
2025-04-12,True,False,False,False,False,False,False,False,False,False,Saturday,4,clear,377.0,29.62,11167.77,0.279,False
2025-04-13,True,False,False,False,False,False,False,False,False,False,Sunday,4,rain,347.0,30.25,10497.17,0.3128,False
2025-04-14,False,False,False,False,False,False,False,False,False,False,Monday,4,rain,180.0,25.52,4594.29,0.3086,False
2025-04-15,False,False,False,False,False,False,False,False,False,False,Tuesday,4,clear,243.0,27.29,6632.28,0.2882,False
2025-04-16,False,False,False,False,False,False,False,False,False,False,Wednesday,4,clear,212.0,25.18,5338.58,0.3178,False
2025-04-17,False,False,False,False,False,False,False,False,False,False,Thursday,4,clear,208.0,24.05,5002.77,0.2702,False
2025-04-18,False,False,False,False,False,False,False,False,False,False,Friday,4,rain,199.0,31.52,6273.31,0.2857,False
2025-04-19,True,False,False,False,False,False,False,False,False,False,Saturday,4,clear,365.0,32.89,12004.87,0.2928,False
2025-04-20,True,False,False,False,False,False,False,False,False,False,Sunday,4,clear,403.0,26.47,10667.2,0.2772,False
2025-04-21,False,False,False,False,False,False,False,False,False,False,Monday,4,clear,202.0,27.84,5622.76,0.2938,False
2025-04-22,False,False,False,False,False,False,False,False,False,False,Tuesday,4,clear,207.0,23.78,4923.1,0.2765,False
2025-04-23,False,False,False,False,False,False,False,False,False,False,Wednesday,4,clear,203.0,22.55,4578.56,0.3054,False
2025-04-24,False,False,False,False,False,False,False,False,False,False,Thursday,4,rain,194.0,29.43,5710.21,0.3047,False
2025-04-25,False,False,False,False,False,False,False,False,False,False,Friday,4,rain,206.0,21.19,4365.47,0.3003,False
2025-04-26,True,False,False,False,False,False,False,False,False,False,Saturday,4,rain,366.0,32.41,11862.67,0.2599,False
2025-04-27,True,False,False,False,False,False,False,False,False,False,Sunday,4,rain,348.0,28.13,9790.54,0.2788,False
2025-04-28,False,False,False,False,False,False,False,False,False,False,Monday,4,rain,208.0,25.35,5272.44,0.2997,False
2025-04-29,False,False,False,False,False,False,False,False,False,False,Tuesday,4,clear,206.0,27.31,5625.94,0.2896,False
2025-04-30,False,False,False,False,False,False,False,False,False,False,Wednesday,4,rain,202.0,27.88,5631.37,0.2489,False
2025-05-01,False,False,False,False,False,False,False,False,False,False,Thursday,5,clear,240.0,23.55,5650.92,0.3078,False
2025-05-02,False,False,False,False,False,False,False,False,False,False,Friday,5,clear,198.0,28.34,5611.04,0.2914,False
2025-05-03,True,False,False,False,False,False,False,False,False,False,Saturday,5,clear,406.0,29.4,11935.27,0.2752,False
2025-05-04,True,False,False,False,False,False,False,False,False,False,Sunday,5,clear,397.0,24.94,9902.13,0.3079,False
2025-05-05,False,False,False,False,False,False,False,False,False,False,Monday,5,clear,211.0,25.48,5375.3,0.2805,False
2025-05-06,False,False,False,False,False,False,False,False,False,False,Tuesday,5,rain,206.0,30.69,6321.59,0.2752,False
2025-05-07,False,False,False,False,False,False,False,False,False,False,Wednesday,5,rain,190.0,31.79,6040.92,0.2924,False
2025-05-08,False,False,False,False,False,False,False,False,False,False,Thursday,5,rain,194.0,28.34,5497.43,0.3167,False
2025-05-09,False,False,False,False,False,False,False,False,False,False,Friday,5,clear,196.0,22.54,4417.68,0.3203,False
2025-05-10,True,False,False,False,False,False,False,False,False,False,Saturday,5,clear,377.0,30.76,11595.98,0.2938,False
2025-05-11,True,True,False,False,False,False,False,False,False,True,Sunday,5,rain,649.0,33.07,21475.2,0.2684,False
2025-05-12,False,False,False,False,False,False,False,False,False,False,Monday,5,clear,213.0,28.37,6041.9,0.2989,False
2025-05-13,False,False,False,False,False,False,False,False,False,False,Tuesday,5,rain,198.0,28.57,5656.49,0.2703,False
2025-05-14,False,False,False,False,False,False,False,False,False,False,Wednesday,5,clear,194.0,27.16,5268.74,0.3009,False
2025-05-15,False,False,False,False,False,False,False,False,False,False,Thursday,5,clear,204.0,25.78,5258.11,0.2803,False
2025-05-16,False,False,False,False,False,False,False,False,False,False,Friday,5,clear,218.0,24.17,5268.96,0.296,False
2025-05-17,True,False,False,False,False,False,False,False,False,False,Saturday,5,rain,357.0,23.09,8244.32,0.2941,False
2025-05-18,True,False,False,False,False,False,False,False,False,False,Sunday,5,clear,407.0,30.21,12293.99,0.294,False
2025-05-19,False,False,False,False,False,False,False,False,False,False,Monday,5,clear,240.0,26.59,6380.88,0.287,False
2025-05-20,False,False,False,False,False,False,False,False,False,False,Tuesday,5,clear,230.0,27.8,6393.81,0.239,False
2025-05-21,False,False,False,False,False,False,False,False,False,False,Wednesday,5,clear,209.0,22.14,4628.21,0.2974,False
2025-05-22,False,False,False,False,False,False,False,False,False,False,Thursday,5,clear,230.0,28.09,6461.25,0.2944,False
2025-05-23,False,False,False,False,False,False,False,False,False,False,Friday,5,rain,211.0,33.27,7019.87,0.2884,False
2025-05-24,True,False,False,False,False,False,False,False,False,False,Saturday,5,clear,407.0,29.27,11914.64,0.286,False
2025-05-25,True,False,False,False,False,False,False,False,False,False,Sunday,5,rain,373.0,28.79,10737.25,0.3153,False
2025-05-26,False,False,False,False,False,False,False,False,False,False,Monday,5,rain,183.0,26.98,4937.74,0.2977,False
2025-05-27,False,False,False,False,False,False,False,False,False,False,Tuesday,5,clear,214.0,33.18,7100.73,0.2878,False
2025-05-28,False,False,False,False,False,False,False,False,False,False,Wednesday,5,clear,216.0,22.99,4966.83,0.3086,False
2025-05-29,False,False,False,False,False,False,False,False,False,False,Thursday,5,clear,213.0,26.64,5674.7,0.2945,False
2025-05-30,False,False,False,False,False,False,False,False,False,False,Friday,5,clear,238.0,23.62,5621.81,0.2759,False
2025-05-31,True,False,False,False,False,False,False,False,False,False,Saturday,5,clear,420.0,27.16,11406.17,0.2523,False
2025-06-01,True,False,False,False,False,False,True,True,False,False,Sunday,6,heavy_rain,346.0,28.83,9974.47,,False
2025-06-02,False,False,False,False,False,False,True,True,False,False,Monday,6,heavy_rain,195.0,30.56,5959.7,0.2989,False
2025-06-03,False,False,False,False,False,False,True,True,False,False,Tuesday,6,rain,214.0,32.27,6906.31,0.277,False
2025-06-04,False,False,False,False,False,False,True,True,False,False,Wednesday,6,clear,221.0,27.44,6063.46,0.2989,False
2025-06-05,False,False,False,False,False,False,True,True,False,False,Thursday,6,clear,224.0,24.85,5566.66,0.2919,False
2025-06-06,False,False,False,False,False,False,True,True,False,False,Friday,6,clear,245.0,35.07,8591.11,0.2925,False
2025-06-07,True,False,True,False,False,False,True,True,False,True,Saturday,6,clear,901.0,31.17,28083.22,0.2456,False
2025-06-08,True,False,False,False,False,False,True,True,False,False,Sunday,6,clear,429.0,27.08,11616.9,0.2953,False
2025-06-09,False,False,False,False,False,False,True,True,False,False,Monday,6,clear,217.0,21.01,4559.65,0.3027,False
2025-06-10,False,False,False,False,False,False,True,True,False,False,Tuesday,6,clear,207.0,30.74,6363.58,0.3078,False
2025-06-11,False,False,False,False,False,False,True,True,False,False,Wednesday,6,clear,238.0,29.2,6950.42,0.2565,False
2025-06-12,False,False,False,False,False,False,True,True,False,False,Thursday,6,clear,232.0,34.75,8062.43,0.2691,False
2025-06-13,False,False,False,False,False,False,True,True,False,False,Friday,6,clear,199.0,22.01,4379.36,0.3088,False
2025-06-14,True,False,False,False,False,False,True,True,False,False,Saturday,6,rain,370.0,34.55,12781.82,0.3083,False
2025-06-15,True,True,False,False,False,False,True,True,False,True,Sunday,6,heavy_rain,622.0,37.44,23293.79,0.2601,False
2025-06-16,False,False,False,False,False,False,True,False,False,False,Monday,6,clear,232.0,28.64,6644.64,0.2794,False
2025-06-17,False,False,False,False,False,False,True,False,False,False,Tuesday,6,rain,191.0,21.34,4075.04,0.3091,False
2025-06-18,False,False,False,False,False,False,True,False,False,False,Wednesday,6,heavy_rain,192.0,31.01,5953.66,0.3006,False
2025-06-19,False,False,False,False,False,False,True,False,False,False,Thursday,6,clear,194.0,28.57,5543.25,0.2844,False
2025-06-20,False,False,False,False,False,False,True,False,False,False,Friday,6,clear,230.0,25.88,5952.14,0.2925,False
2025-06-21,True,False,False,False,False,False,True,False,False,False,Saturday,6,clear,412.0,31.33,12909.68,0.3025,False
2025-06-22,True,False,False,False,False,False,True,False,False,False,Sunday,6,clear,351.0,26.45,9285.62,0.323,False
2025-06-23,False,False,False,False,False,False,True,False,False,False,Monday,6,rain,229.0,24.25,5554.07,0.3008,False
2025-06-24,False,False,False,False,False,False,True,False,False,False,Tuesday,6,clear,205.0,24.59,5041.67,0.2932,False
2025-06-25,False,False,False,False,False,False,True,False,False,False,Wednesday,6,clear,207.0,20.82,4309.12,0.2957,False
2025-06-26,False,False,False,False,False,False,True,False,False,False,Thursday,6,clear,233.0,28.83,6718.0,0.2917,False
2025-06-27,False,False,False,False,False,False,True,False,False,False,Friday,6,clear,220.0,30.0,6599.28,0.2823,False
2025-06-28,True,False,False,False,False,False,True,False,False,False,Saturday,6,rain,347.0,26.66,9250.74,0.2976,False
2025-06-29,True,False,False,False,False,False,True,False,False,False,Sunday,6,clear,348.0,30.24,10522.62,0.2754,False
2025-06-30,False,False,False,False,False,False,True,False,False,False,Monday,6,clear,222.0,25.18,5590.98,0.309,False
2025-07-01,False,False,False,False,False,False,True,False,False,False,Tuesday,7,clear,169.0,27.04,4570.55,0.278,False
2025-07-02,False,False,False,False,False,False,True,False,False,False,Wednesday,7,clear,181.0,24.11,4364.61,0.2897,False
2025-07-03,False,False,False,False,False,False,True,False,False,False,Thursday,7,clear,178.0,23.38,4162.49,0.2988,False
2025-07-04,False,False,False,False,False,False,True,False,False,False,Friday,7,clear,181.0,29.5,5339.26,0.3207,False
2025-07-05,True,False,False,False,False,False,True,False,False,False,Saturday,7,clear,328.0,28.78,9439.37,0.2879,False
2025-07-06,True,False,False,False,False,False,True,False,False,False,Sunday,7,clear,321.0,36.96,11865.5,0.2776,False
2025-07-07,False,False,False,False,False,False,True,False,False,False,Monday,7,clear,182.0,26.14,4758.37,0.2858,False
2025-07-08,False,False,False,False,False,False,True,False,False,False,Tuesday,7,clear,188.0,23.27,4373.89,0.321,False
2025-07-09,False,False,False,False,False,False,True,False,False,False,Wednesday,7,clear,182.0,30.12,5482.61,0.2479,False
2025-07-10,False,False,False,False,False,False,True,False,False,False,Thursday,7,clear,209.0,28.04,5861.3,0.273,False
2025-07-11,False,False,False,False,False,False,True,False,False,False,Friday,7,clear,158.0,28.37,4482.41,0.3365,False
2025-07-12,True,False,False,False,False,False,True,False,False,False,Saturday,7,clear,332.0,33.45,11106.69,0.2986,False
2025-07-13,True,False,False,False,False,False,True,False,False,False,Sunday,7,clear,338.0,26.81,9063.46,0.2787,False
2025-07-14,False,False,False,False,False,False,True,False,False,False,Monday,7,clear,197.0,25.61,5044.38,0.2919,False
2025-07-15,False,False,False,False,False,False,True,False,False,False,Tuesday,7,clear,196.0,25.47,4992.23,0.2938,False
2025-07-16,False,False,False,False,False,False,True,False,False,False,Wednesday,7,clear,192.0,22.27,4275.7,0.3094,False
2025-07-17,False,False,False,False,False,False,True,False,False,False,Thursday,7,clear,197.0,25.19,4962.52,0.3205,False
2025-07-18,False,False,False,False,False,False,True,False,False,False,Friday,7,clear,204.0,30.52,6226.58,0.2919,False
2025-07-19,True,False,False,False,False,False,True,False,False,False,Saturday,7,rain,317.0,29.84,9458.59,0.2861,False
2025-07-20,True,False,False,False,False,False,True,False,False,False,Sunday,7,clear,357.0,24.67,8808.78,0.3078,False
2025-07-21,False,False,False,False,False,False,True,False,False,False,Monday,7,rain,172.0,21.57,3710.38,0.2893,False
2025-07-22,False,False,False,False,False,False,True,False,False,False,Tuesday,7,clear,180.0,31.75,5714.87,0.2733,False
2025-07-23,False,False,False,False,False,False,True,False,False,False,Wednesday,7,rain,163.0,25.72,4192.32,0.2707,False
2025-07-24,False,False,False,False,False,False,True,False,False,False,Thursday,7,clear,206.0,24.06,4955.65,0.2695,False
2025-07-25,False,False,False,False,False,False,True,False,False,False,Friday,7,clear,173.0,25.16,4352.52,0.2828,False
2025-07-26,True,False,False,False,False,False,True,False,False,False,Saturday,7,clear,340.0,24.29,8258.22,0.2798,False
2025-07-27,True,False,False,False,False,False,True,False,False,False,Sunday,7,clear,324.0,34.4,11145.72,0.2943,False
2025-07-28,False,False,False,False,False,False,True,False,False,False,Monday,7,clear,196.0,24.8,4861.22,0.2755,False
2025-07-29,False,False,False,False,False,False,True,False,False,False,Tuesday,7,rain,205.0,,6280.44,0.2386,False
2025-07-30,False,False,False,False,False,False,True,False,False,False,Wednesday,7,clear,185.0,26.16,4839.91,0.2779,False
2025-07-31,False,False,False,False,False,False,True,False,False,False,Thursday,7,clear,184.0,30.87,5679.26,0.2819,False
2025-08-01,False,False,False,False,False,False,True,False,False,False,Friday,8,clear,187.0,26.81,5014.1,0.2836,False
2025-08-02,True,False,False,False,False,False,True,False,False,False,Saturday,8,clear,340.0,32.13,10923.04,0.313,False
2025-08-03,True,False,False,False,False,False,True,False,False,False,Sunday,8,clear,328.0,31.61,10369.26,0.2825,False
2025-08-04,False,False,False,False,False,False,True,False,False,False,Monday,8,rain,170.0,28.02,4763.27,0.3072,False
2025-08-05,False,False,False,False,False,False,True,False,False,False,Tuesday,8,clear,172.0,27.11,4662.67,0.2943,False
2025-08-06,False,False,False,False,False,False,True,False,False,False,Wednesday,8,clear,186.0,25.28,4702.74,0.2937,False
2025-08-07,False,False,False,False,False,False,True,False,False,False,Thursday,8,clear,146.0,32.72,4776.94,0.2814,False
2025-08-08,False,False,False,False,False,False,True,False,False,False,Friday,8,clear,183.0,23.32,4267.36,0.2958,False
2025-08-09,True,False,False,False,False,False,True,False,False,False,Saturday,8,clear,318.0,29.01,9226.77,0.2834,False
2025-08-10,True,False,False,False,False,False,True,False,False,False,Sunday,8,clear,338.0,29.05,9819.53,0.2958,False
2025-08-11,False,False,False,False,False,False,True,False,False,False,Monday,8,clear,190.0,27.29,5184.42,0.2882,False
2025-08-12,False,False,False,False,False,False,True,False,False,False,Tuesday,8,heavy_rain,176.0,24.69,4346.14,0.2821,False
2025-08-13,False,False,False,False,False,False,True,False,False,False,Wednesday,8,clear,184.0,27.0,4968.15,0.3078,False
2025-08-14,False,False,False,False,False,False,True,False,False,False,Thursday,8,clear,204.0,25.48,5197.62,0.2981,False
2025-08-15,False,False,False,False,False,False,True,False,False,False,Friday,8,clear,189.0,21.5,4064.35,0.2911,False
2025-08-16,True,False,False,False,False,False,True,False,False,False,Saturday,8,rain,295.0,29.03,8564.81,0.2988,False
2025-08-17,True,False,False,False,False,False,True,False,False,False,Sunday,8,clear,347.0,25.41,8818.02,0.2947,False
2025-08-18,False,False,False,False,False,False,True,False,False,False,Monday,8,rain,184.0,21.11,3885.11,0.2858,False
2025-08-19,False,False,False,False,False,False,True,False,False,False,Tuesday,8,clear,204.0,26.43,5391.84,0.2916,False
2025-08-20,False,False,False,False,False,False,True,False,False,False,Wednesday,8,rain,154.0,27.57,4245.42,0.2875,False
2025-08-21,False,False,False,False,False,False,True,False,False,False,Thursday,8,clear,175.0,27.7,4846.86,0.2794,False
2025-08-22,False,False,False,False,False,False,True,False,False,False,Friday,8,clear,184.0,27.83,5120.94,0.2677,False
2025-08-23,True,False,False,False,False,False,True,False,False,False,Saturday,8,clear,334.0,23.0,7681.16,0.2937,False
2025-08-24,True,False,False,False,False,False,True,False,False,False,Sunday,8,clear,354.0,24.63,8719.09,0.3047,False
2025-08-25,False,False,False,False,False,False,True,False,False,False,Monday,8,clear,186.0,32.95,6128.26,0.2762,False
2025-08-26,False,False,False,False,False,False,True,False,False,False,Tuesday,8,rain,182.0,22.93,4173.2,0.335,False
2025-08-27,False,False,False,False,False,False,True,False,False,False,Wednesday,8,heavy_rain,153.0,27.98,4280.54,0.3099,False
2025-08-28,False,False,False,False,False,False,True,False,False,False,Thursday,8,clear,181.0,23.94,4333.63,0.3159,False
2025-08-29,False,False,False,False,False,False,True,False,False,False,Friday,8,clear,185.0,26.25,4856.21,0.3054,False
2025-08-30,True,False,False,False,False,False,True,False,False,False,Saturday,8,clear,324.0,26.88,8708.45,0.324,False
2025-08-31,True,False,False,False,False,False,True,False,False,False,Sunday,8,clear,327.0,31.02,10144.03,0.2805,False
2025-09-01,False,False,False,False,False,False,False,False,False,False,Monday,9,clear,215.0,26.43,5682.51,0.2506,False
2025-09-02,False,False,False,False,False,False,False,False,False,False,Tuesday,9,clear,179.0,24.64,4410.25,0.2893,False
2025-09-03,False,False,False,False,False,False,False,False,False,False,Wednesday,9,rain,201.0,22.92,4607.22,0.3032,False
2025-09-04,False,False,False,False,False,False,False,False,False,False,Thursday,9,clear,180.0,26.85,4832.82,0.2959,False
2025-09-05,False,False,False,False,False,False,False,False,False,False,Friday,9,heavy_rain,181.0,22.48,4068.65,0.3019,False
2025-09-06,True,False,False,False,False,False,False,False,False,False,Saturday,9,clear,358.0,30.53,10928.47,0.31,False
2025-09-07,True,False,False,False,False,False,False,False,False,False,Sunday,9,heavy_rain,300.0,39.74,11923.38,0.2932,False
2025-09-08,False,False,False,False,False,False,False,False,False,False,Monday,9,clear,186.0,30.57,5686.58,0.301,False
2025-09-09,False,False,False,False,False,False,False,False,False,False,Tuesday,9,rain,167.0,28.34,4732.89,0.2801,False
2025-09-10,False,False,False,False,False,False,False,False,False,False,Wednesday,9,clear,201.0,25.73,5172.59,0.2754,False
2025-09-11,False,False,False,False,False,False,False,False,False,False,Thursday,9,clear,210.0,20.6,4326.67,0.3206,False
2025-09-12,False,False,False,False,False,False,False,False,False,False,Friday,9,rain,187.0,22.19,4148.62,0.2989,False
2025-09-13,True,False,False,False,False,False,False,False,False,False,Saturday,9,rain,322.0,33.83,10891.99,0.2809,False
2025-09-14,True,False,False,False,False,False,False,False,False,False,Sunday,9,rain,327.0,26.38,8625.56,0.2872,False
2025-09-15,False,False,False,False,False,False,False,False,False,False,Monday,9,clear,196.0,23.91,4685.84,0.2847,False
2025-09-16,False,False,False,False,False,False,False,False,False,False,Tuesday,9,clear,185.0,25.49,4715.33,0.2836,False
2025-09-17,False,False,False,False,False,False,False,False,False,False,Wednesday,9,clear,178.0,22.89,4074.22,0.2785,False
2025-09-18,False,False,False,False,False,False,False,False,False,False,Thursday,9,clear,208.0,22.44,4667.7,0.272,False
2025-09-19,False,False,False,False,False,False,False,False,False,False,Friday,9,clear,218.0,25.84,5633.77,0.2863,False
2025-09-20,True,False,False,False,False,False,False,False,False,False,Saturday,9,rain,297.0,26.06,7739.13,0.29,False
2025-09-21,True,False,False,False,False,False,False,False,False,False,Sunday,9,rain,339.0,26.53,8994.55,0.3121,False
2025-09-22,False,False,False,False,False,False,False,False,False,False,Monday,9,rain,200.0,23.67,4734.69,0.2986,False
2025-09-23,False,False,False,False,False,False,False,False,False,False,Tuesday,9,rain,188.0,27.68,5204.2,0.2956,False
2025-09-24,False,False,False,False,False,False,False,False,False,False,Wednesday,9,rain,188.0,25.29,4753.72,0.2829,False
2025-09-25,False,False,False,False,False,False,False,False,False,False,Thursday,9,clear,194.0,25.45,4937.06,0.2913,False
2025-09-26,False,False,False,False,False,False,False,False,False,False,Friday,9,clear,183.0,27.93,5111.34,0.2975,False
2025-09-27,True,False,False,False,False,False,False,False,False,False,Saturday,9,clear,352.0,28.51,10035.48,0.3034,False
2025-09-28,True,False,False,False,False,False,False,False,False,False,Sunday,9,rain,290.0,28.05,8133.82,0.2964,False
2025-09-29,False,False,False,False,False,False,False,False,False,False,Monday,9,clear,200.0,27.51,5502.01,0.3062,False
2025-09-30,False,False,False,False,False,False,False,False,False,False,Tuesday,9,clear,203.0,28.17,5718.64,0.2889,False
2025-10-01,False,False,False,False,False,False,False,True,False,False,Wednesday,10,rain,243.0,25.55,6207.47,0.298,False
2025-10-02,False,False,False,False,False,False,False,True,False,False,Thursday,10,clear,257.0,26.25,6746.95,0.2759,False
2025-10-03,False,False,False,False,False,False,False,True,False,False,Friday,10,clear,256.0,23.67,6059.96,0.2598,False
2025-10-04,True,False,False,False,False,False,False,True,False,False,Saturday,10,heavy_rain,378.0,,9886.33,0.2971,False
2025-10-05,True,False,False,False,False,False,False,True,False,False,Sunday,10,rain,451.0,31.8,14343.62,0.2918,False
2025-10-06,False,False,False,False,False,False,False,True,False,False,Monday,10,clear,226.0,27.43,6198.26,0.2948,False
2025-10-07,False,False,False,False,False,False,False,True,False,False,Tuesday,10,heavy_rain,206.0,27.46,5656.77,0.2955,False
2025-10-08,False,False,False,False,False,False,False,True,False,False,Wednesday,10,clear,268.0,26.89,7206.84,0.2755,False
2025-10-09,False,False,False,False,False,False,False,True,False,False,Thursday,10,heavy_rain,222.0,26.14,5804.09,0.2762,False
2025-10-10,False,False,False,False,False,False,False,True,False,False,Friday,10,clear,249.0,28.27,7038.28,0.2899,False
2025-10-11,True,False,False,False,False,False,False,True,False,False,Saturday,10,rain,437.0,32.44,14177.93,0.2877,False
2025-10-12,True,False,False,False,False,False,False,True,False,False,Sunday,10,clear,442.0,32.35,14299.12,0.2726,False
2025-10-13,False,False,False,True,False,False,False,True,False,True,Monday,10,clear,835.0,29.91,24982.53,0.2666,False
2025-10-14,False,False,False,False,False,False,False,True,False,False,Tuesday,10,heavy_rain,213.0,30.71,6540.89,0.2711,False
2025-10-15,False,False,False,False,False,False,False,True,False,False,Wednesday,10,clear,251.0,26.72,6707.39,0.2747,False
2025-10-16,False,False,False,False,False,False,False,False,False,False,Thursday,10,clear,210.0,28.05,5890.46,0.3124,False
2025-10-17,False,False,False,False,False,False,False,False,False,False,Friday,10,clear,248.0,26.9,6670.0,0.2966,False
2025-10-18,True,False,False,False,False,False,False,False,False,False,Saturday,10,rain,409.0,29.87,12217.83,0.2813,False
2025-10-19,True,False,False,False,False,False,False,False,False,False,Sunday,10,rain,364.0,26.55,9663.97,0.298,False
2025-10-20,False,False,False,False,False,False,False,False,False,False,Monday,10,snow,195.0,28.28,5515.17,0.2922,False
2025-10-21,False,False,False,False,False,False,False,False,False,False,Tuesday,10,clear,254.0,36.58,9291.6,0.2281,False
2025-10-22,False,False,False,False,False,False,False,False,False,False,Wednesday,10,clear,235.0,24.86,5841.29,0.2745,False
2025-10-23,False,False,False,False,False,False,False,False,False,False,Thursday,10,clear,249.0,26.22,6529.39,0.2836,False
2025-10-24,False,False,False,False,False,False,False,False,False,False,Friday,10,rain,209.0,24.64,5150.69,0.2866,False
2025-10-25,True,False,False,False,False,False,False,False,False,False,Saturday,10,snow,294.0,27.35,8041.04,0.3018,False
2025-10-26,True,False,False,False,False,False,False,False,False,False,Sunday,10,rain,390.0,34.9,13612.95,0.2998,False
2025-10-27,False,False,False,False,False,False,False,False,False,False,Monday,10,rain,198.0,23.98,4748.61,0.2893,False
2025-10-28,False,False,False,False,False,False,False,False,False,False,Tuesday,10,clear,220.0,24.56,5403.67,0.2747,False
2025-10-29,False,False,False,False,False,False,False,False,False,False,Wednesday,10,heavy_rain,185.0,21.49,3975.69,0.3032,False
2025-10-30,False,False,False,False,False,False,False,False,False,False,Thursday,10,clear,235.0,23.74,5579.02,0.2847,False
2025-10-31,False,False,False,False,False,False,False,False,False,False,Friday,10,clear,216.0,21.18,4575.02,0.2927,False
2025-11-01,True,False,False,False,False,False,False,False,False,False,Saturday,11,rain,360.0,31.28,11262.3,0.2849,False
2025-11-02,True,False,False,False,False,False,False,False,False,False,Sunday,11,clear,423.0,40.58,17165.07,0.3068,False
2025-11-03,False,False,False,False,False,False,False,False,False,False,Monday,11,clear,242.0,24.88,6021.15,0.2535,False
2025-11-04,False,False,False,False,False,False,False,False,False,False,Tuesday,11,clear,234.0,21.29,4981.1,0.287,False
2025-11-05,False,False,False,False,False,False,False,False,False,False,Wednesday,11,rain,210.0,28.97,6082.7,0.2868,False
2025-11-06,False,False,False,False,False,False,False,False,False,False,Thursday,11,rain,213.0,23.83,5075.39,0.2806,False
2025-11-07,False,False,False,False,False,False,False,False,False,False,Friday,11,clear,255.0,30.39,7748.71,0.2912,False
2025-11-08,True,False,False,False,False,False,False,False,False,False,Saturday,11,rain,384.0,28.03,10765.43,0.3028,False
2025-11-09,True,False,False,False,False,False,False,False,False,False,Sunday,11,snow,274.0,26.88,7365.82,0.2992,False
2025-11-10,False,False,False,False,False,False,False,False,False,False,Monday,11,rain,198.0,25.45,5039.23,0.2885,False
2025-11-11,False,False,False,False,False,False,False,False,False,False,Tuesday,11,rain,206.0,28.48,5865.87,0.2863,False
2025-11-12,False,False,False,False,False,False,False,False,False,False,Wednesday,11,clear,264.0,25.3,6679.21,0.282,False
2025-11-13,False,False,False,False,False,False,False,False,False,False,Thursday,11,heavy_rain,182.0,24.5,4458.18,0.2945,False
2025-11-14,False,False,False,False,False,False,False,False,False,False,Friday,11,clear,220.0,25.39,5585.14,0.2867,False
2025-11-15,True,False,False,False,False,False,False,False,False,False,Saturday,11,clear,399.0,24.9,9933.17,0.2967,False
2025-11-16,True,False,False,False,False,False,False,False,False,False,Sunday,11,heavy_rain,328.0,30.42,9976.16,0.3041,False
2025-11-17,False,False,False,False,False,False,False,False,False,False,Monday,11,rain,203.0,20.98,4259.45,0.2783,False
2025-11-18,False,False,False,False,False,False,False,False,False,False,Tuesday,11,rain,210.0,24.65,5176.63,0.276,False
2025-11-19,False,False,False,False,False,False,False,False,False,False,Wednesday,11,rain,216.0,28.48,6151.81,0.2602,False
2025-11-20,False,False,False,False,False,False,False,False,False,False,Thursday,11,rain,209.0,26.96,5635.25,0.3023,False
2025-11-21,False,False,False,False,False,False,False,False,False,False,Friday,11,clear,180.0,27.91,5023.55,0.2964,False
2025-11-22,True,False,False,False,False,False,False,False,False,False,Saturday,11,clear,406.0,28.77,11682.46,0.2957,False
2025-11-23,True,False,False,False,False,False,False,False,False,False,Sunday,11,clear,393.0,33.37,13114.52,0.2628,False
2025-11-24,False,False,False,False,False,False,False,False,False,False,Monday,11,clear,227.0,29.05,6594.63,0.3108,False
2025-11-25,False,False,False,False,False,False,False,False,False,False,Tuesday,11,heavy_rain,171.0,27.43,4690.51,0.2853,False
2025-11-26,False,False,False,False,False,False,False,False,False,False,Wednesday,11,clear,192.0,29.06,5579.74,0.2921,False
2025-11-27,False,False,False,False,False,False,False,False,False,False,Thursday,11,rain,198.0,28.45,5633.1,0.3021,False
2025-11-28,False,False,False,False,False,False,False,False,False,False,Friday,11,heavy_rain,188.0,24.66,4636.91,0.2799,False
2025-11-29,True,False,False,False,False,False,False,False,False,False,Saturday,11,heavy_rain,355.0,24.68,8761.7,0.2879,False
2025-11-30,True,False,False,False,False,False,False,False,False,False,Sunday,11,rain,376.0,30.5,11468.14,0.2914,False
2025-12-01,False,False,False,False,False,False,False,False,False,False,Monday,12,rain,200.0,27.76,5552.17,0.3326,False
2025-12-02,False,False,False,False,False,False,False,False,False,False,Tuesday,12,snow,135.0,29.63,4000.71,0.3027,False
2025-12-03,False,False,False,False,False,False,False,False,False,False,Wednesday,12,rain,205.0,23.24,4763.55,0.3181,False
2025-12-04,False,False,False,False,False,False,False,False,False,False,Thursday,12,heavy_rain,191.0,23.32,4454.18,0.3138,False
2025-12-05,False,False,False,False,False,False,False,False,False,False,Friday,12,snow,118.0,27.48,3242.08,0.3078,False
2025-12-06,True,False,False,False,False,False,False,False,False,False,Saturday,12,heavy_rain,353.0,28.75,10149.95,0.2775,False
2025-12-07,True,False,False,False,False,False,False,False,False,False,Sunday,12,clear,408.0,23.13,9435.85,0.3102,False
2025-12-08,False,False,False,False,False,False,False,False,False,False,Monday,12,rain,229.0,27.2,6228.13,0.2636,False
2025-12-09,False,False,False,False,False,False,False,False,False,False,Tuesday,12,clear,222.0,20.82,4621.54,0.3188,False
2025-12-10,False,False,False,False,False,False,False,False,False,False,Wednesday,12,rain,199.0,23.21,4619.17,0.2978,False
2025-12-11,False,False,False,False,False,False,False,False,False,False,Thursday,12,snow,143.0,30.58,4372.73,0.2564,False
2025-12-12,False,False,False,False,False,False,False,False,False,False,Friday,12,rain,212.0,32.37,6861.41,0.2775,False
2025-12-13,True,False,False,False,False,False,False,False,False,False,Saturday,12,rain,378.0,25.06,9474.05,0.304,False
2025-12-14,True,False,False,False,False,False,False,False,False,False,Sunday,12,clear,386.0,27.88,10760.17,0.2871,False
2025-12-15,False,False,False,False,False,False,False,False,False,False,Monday,12,snow,134.0,26.13,3501.87,0.3116,False
2025-12-16,False,False,False,False,False,False,False,False,False,False,Tuesday,12,clear,243.0,32.2,7823.64,0.2646,False
2025-12-17,False,False,False,False,False,False,False,False,False,False,Wednesday,12,clear,223.0,24.51,5465.03,0.2706,False
2025-12-18,False,False,False,False,True,False,False,False,False,True,Thursday,12,clear,696.0,29.85,20762.83,0.2489,False
2025-12-19,False,False,False,False,True,False,False,False,False,True,Friday,12,clear,794.0,28.45,22593.85,0.2505,False
2025-12-20,True,False,False,False,True,False,False,False,False,True,Saturday,12,rain,751.0,29.81,22396.37,0.2537,False
2025-12-21,True,False,False,False,True,False,False,False,False,True,Sunday,12,rain,782.0,30.67,23992.16,0.273,False
2025-12-22,False,False,False,False,True,False,False,False,False,True,Monday,12,rain,724.0,33.88,24543.09,0.2372,False
2025-12-23,False,False,False,False,True,False,False,False,False,True,Tuesday,12,clear,786.0,30.09,23655.7,0.2547,False
2025-12-24,False,False,False,False,False,False,False,False,False,False,Wednesday,12,clear,229.0,21.31,4878.86,0.2944,False
2025-12-25,False,False,False,False,False,True,False,False,False,False,Thursday,12,rain,0.0,0.0,0.0,,False
2025-12-26,False,False,False,False,False,False,False,False,False,False,Friday,12,clear,220.0,28.75,6326.03,0.2657,False
2025-12-27,True,False,False,False,False,False,False,False,False,False,Saturday,12,rain,368.0,28.83,10608.28,0.2912,False
2025-12-28,True,False,False,False,False,False,False,False,False,False,Sunday,12,clear,369.0,27.91,10298.98,0.3216,False
2025-12-29,False,False,False,False,False,False,False,False,False,False,Monday,12,rain,225.0,23.77,5347.3,0.2995,False
2025-12-30,False,False,False,False,False,False,False,False,False,False,Tuesday,12,rain,204.0,25.32,5165.4,0.2659,False
2025-12-31,False,False,False,False,False,False,False,False,False,False,Wednesday,12,rain,208.0,26.96,5606.98,0.2428,False
2026-01-01,False,False,False,False,False,False,False,False,False,False,Thursday,1,clear,217.0,29.25,6348.31,0.2964,False
2026-01-02,False,False,False,False,False,False,False,False,False,False,Friday,1,clear,200.0,18.97,3794.84,0.2979,False
2026-01-03,True,False,False,False,False,False,False,False,False,False,Saturday,1,heavy_rain,313.0,26.25,8214.76,0.3147,False
2026-01-04,True,False,False,False,False,False,False,False,False,False,Sunday,1,clear,347.0,29.56,10256.96,0.2788,False
2026-01-05,False,False,False,False,False,False,False,False,False,False,Monday,1,rain,188.0,25.69,4830.35,0.2989,False
2026-01-06,False,False,False,False,False,False,False,False,False,False,Tuesday,1,rain,184.0,27.29,5021.27,0.3053,False
2026-01-07,False,False,False,False,False,False,False,False,False,False,Wednesday,1,clear,207.0,26.85,5557.59,0.283,False
2026-01-08,False,False,False,False,False,False,False,False,False,False,Thursday,1,rain,198.0,25.07,4963.07,0.2865,False
2026-01-09,False,False,False,False,False,False,False,False,False,False,Friday,1,heavy_rain,156.0,24.41,3807.51,0.2996,False
2026-01-10,True,False,False,False,False,False,False,False,False,False,Saturday,1,heavy_rain,296.0,28.16,8334.8,0.3054,False
2026-01-11,True,False,False,False,False,False,False,False,False,False,Sunday,1,clear,338.0,33.29,11250.76,0.2891,False
2026-01-12,False,False,False,False,False,False,False,False,False,False,Monday,1,clear,186.0,23.81,4429.32,0.3105,False
2026-01-13,False,False,False,False,False,False,False,False,False,False,Tuesday,1,clear,228.0,25.8,5883.49,0.281,False
2026-01-14,False,False,False,False,False,False,False,False,False,False,Wednesday,1,rain,203.0,26.58,5395.41,0.2706,False
2026-01-15,False,False,False,False,False,False,False,False,False,False,Thursday,1,rain,199.0,31.35,6239.43,0.3156,False
2026-01-16,False,False,False,False,False,False,False,False,False,False,Friday,1,clear,192.0,25.08,4815.31,0.2847,False
2026-01-17,True,False,False,False,False,False,False,False,False,False,Saturday,1,clear,363.0,32.54,11810.63,0.2793,False
2026-01-18,True,False,False,False,False,False,False,False,False,False,Sunday,1,snow,242.0,33.62,8136.14,0.2968,False
2026-01-19,False,False,False,False,False,False,False,False,False,False,Monday,1,clear,206.0,25.8,5315.18,0.292,False
2026-01-20,False,False,False,False,False,False,False,False,False,False,Tuesday,1,rain,205.0,25.35,5196.91,0.2859,False
2026-01-21,False,False,False,False,False,False,False,False,False,False,Wednesday,1,rain,170.0,24.99,4248.87,0.2966,False
2026-01-22,False,False,False,False,False,False,False,False,False,False,Thursday,1,clear,186.0,25.21,4689.8,0.2938,False
2026-01-23,False,False,False,False,False,False,False,False,False,False,Friday,1,clear,214.0,28.81,6164.62,0.289,False
2026-01-24,True,False,False,False,False,False,False,False,False,False,Saturday,1,clear,353.0,29.82,10524.75,0.2559,False
2026-01-25,True,False,False,False,False,False,False,False,False,False,Sunday,1,snow,240.0,29.83,7159.31,0.3287,False
2026-01-26,False,False,False,False,False,False,False,False,False,False,Monday,1,clear,181.0,22.72,4111.6,0.2954,False
2026-01-27,False,False,False,False,False,False,False,False,False,False,Tuesday,1,clear,209.0,23.15,4838.36,0.3023,False
2026-01-28,False,False,False,False,False,False,False,False,False,False,Wednesday,1,clear,192.0,33.63,6456.26,0.2641,False
2026-01-29,False,False,False,False,False,False,False,False,False,False,Thursday,1,clear,199.0,25.45,5064.76,0.2853,False
2026-01-30,False,False,False,False,False,False,False,False,False,False,Friday,1,rain,175.0,23.69,4146.04,0.2873,False
2026-01-31,True,False,False,False,False,False,False,False,False,False,Saturday,1,clear,333.0,34.43,11466.33,0.3108,False
2026-02-01,True,False,False,False,False,False,False,False,False,False,Sunday,2,rain,350.0,30.0,10499.11,0.2826,False
2026-02-02,False,False,False,False,False,False,False,False,False,False,Monday,2,rain,167.0,27.87,4653.94,0.306,False
2026-02-03,False,False,False,False,False,False,False,False,False,False,Tuesday,2,heavy_rain,161.0,25.57,4117.23,0.2878,False
2026-02-04,False,False,False,False,False,False,False,False,False,False,Wednesday,2,clear,195.0,25.02,4879.78,0.2866,False
2026-02-05,False,False,False,False,False,False,False,False,False,False,Thursday,2,heavy_rain,162.0,25.48,4127.15,0.2938,False
2026-02-06,False,False,False,False,False,False,False,False,False,False,Friday,2,rain,189.0,22.02,4162.68,0.3166,False
2026-02-07,True,False,False,False,False,False,False,False,False,False,Saturday,2,clear,344.0,28.7,9871.29,0.2647,False
2026-02-08,True,False,False,False,False,False,False,False,False,False,Sunday,2,rain,359.0,30.05,10787.49,0.2708,False
2026-02-09,False,False,False,False,False,False,False,False,False,False,Monday,2,heavy_rain,193.0,32.46,6265.68,0.2566,False
2026-02-10,False,False,False,False,False,False,False,False,False,False,Tuesday,2,clear,219.0,26.27,5753.07,0.2723,False
2026-02-11,False,False,False,False,False,False,False,False,False,False,Wednesday,2,heavy_rain,182.0,19.65,3576.01,0.2883,False
2026-02-12,False,False,False,False,False,False,False,False,False,False,Thursday,2,rain,195.0,25.71,5013.14,0.2684,False
2026-02-13,False,False,False,False,False,False,False,False,False,False,Friday,2,rain,168.0,36.12,6068.1,0.2759,False
2026-02-14,True,False,False,False,False,False,False,False,False,False,Saturday,2,snow,250.0,32.18,8044.31,0.2678,False
2026-02-15,True,False,False,False,False,False,False,False,False,False,Sunday,2,clear,339.0,26.31,8919.45,0.2804,False
2026-02-16,False,False,False,False,False,False,False,False,False,False,Monday,2,heavy_rain,194.0,27.91,5414.78,0.3085,False
2026-02-17,False,False,False,False,False,False,False,False,False,False,Tuesday,2,clear,212.0,23.78,5042.42,0.2985,False
2026-02-18,False,False,False,False,False,False,False,False,False,False,Wednesday,2,rain,195.0,22.1,4309.77,0.2993,False
2026-02-19,False,False,False,False,False,False,False,False,False,False,Thursday,2,rain,179.0,24.94,4463.45,0.2806,False
2026-02-20,False,False,False,False,False,False,False,False,False,False,Friday,2,clear,181.0,26.29,4757.97,0.271,False
2026-02-21,True,False,False,False,False,False,False,False,False,False,Saturday,2,rain,346.0,23.16,8015.05,0.2811,False
2026-02-22,True,False,False,False,False,False,False,False,False,False,Sunday,2,clear,343.0,25.26,8665.69,0.2957,False
2026-02-23,False,False,False,False,False,False,False,False,False,False,Monday,2,clear,209.0,26.03,5440.74,0.3033,False
2026-02-24,False,False,False,False,False,False,False,False,False,False,Tuesday,2,clear,228.0,24.76,5644.64,0.3027,False
2026-02-25,False,False,False,False,False,False,False,False,False,False,Wednesday,2,clear,217.0,27.26,5915.74,0.2972,False
2026-02-26,False,False,False,False,False,False,False,False,False,False,Thursday,2,clear,218.0,22.47,4899.22,0.2822,False
2026-02-27,False,False,False,False,False,False,False,False,False,False,Friday,2,clear,206.0,28.33,5835.21,0.2885,False
2026-02-28,True,False,False,False,False,False,False,False,False,False,Saturday,2,rain,348.0,25.16,8755.59,0.2913,False
2026-03-01,True,False,False,False,False,False,False,False,False,False,Sunday,3,rain,312.0,35.32,11019.56,0.2869,False
2026-03-02,False,False,False,False,False,False,False,False,False,False,Monday,3,rain,176.0,21.16,3724.51,0.3302,False
2026-03-03,False,False,False,False,False,False,False,False,False,False,Tuesday,3,clear,200.0,22.81,4561.05,0.2687,False
2026-03-04,False,False,False,False,False,False,False,False,False,False,Wednesday,3,heavy_rain,166.0,27.34,4537.67,0.2917,False
2026-03-05,False,False,False,False,False,False,False,False,False,False,Thursday,3,rain,203.0,31.75,6444.68,0.303,False
2026-03-06,False,False,False,False,False,False,False,False,False,False,Friday,3,clear,198.0,27.0,5346.35,0.2688,False
2026-03-07,True,False,False,False,False,False,False,False,False,False,Saturday,3,clear,368.0,31.03,11417.72,0.2792,False
2026-03-08,True,False,False,False,False,False,False,False,False,False,Sunday,3,rain,337.0,29.06,9793.59,0.2854,False
2026-03-09,False,False,False,False,False,False,False,False,False,False,Monday,3,clear,206.0,22.99,4735.32,0.2908,False
2026-03-10,False,False,False,False,False,False,False,False,False,False,Tuesday,3,rain,209.0,24.51,5123.61,0.2681,False
2026-03-11,False,False,False,False,False,False,False,False,False,False,Wednesday,3,snow,135.0,22.48,3034.93,0.3124,False
2026-03-12,False,False,False,False,False,False,False,False,False,False,Thursday,3,clear,206.0,22.3,4594.1,0.3049,False
2026-03-13,False,False,False,False,False,False,False,False,False,False,Friday,3,clear,215.0,27.28,5866.09,0.2956,False
2026-03-14,True,False,False,False,False,False,False,False,False,False,Saturday,3,snow,267.0,25.34,6766.66,0.2885,False
2026-03-15,True,False,False,False,False,False,False,False,False,False,Sunday,3,rain,342.0,30.13,10305.71,0.2932,False
2026-03-16,False,False,False,False,False,False,False,False,False,False,Monday,3,clear,220.0,22.24,4892.73,0.2798,False
2026-03-17,False,False,False,False,False,False,False,False,False,False,Tuesday,3,heavy_rain,178.0,26.94,4795.56,0.2889,False
2026-03-18,False,False,False,False,False,False,False,False,False,False,Wednesday,3,heavy_rain,168.0,24.52,4119.22,0.3298,False
2026-03-19,False,False,False,False,False,False,False,False,False,False,Thursday,3,rain,183.0,30.78,5632.88,0.2907,False
2026-03-20,False,False,False,False,False,False,False,False,False,False,Friday,3,rain,206.0,27.03,5568.15,0.2718,False
2026-03-21,True,False,False,False,False,False,False,False,False,False,Saturday,3,clear,365.0,33.64,12277.05,0.2892,False
2026-03-22,True,False,False,False,False,False,False,False,False,False,Sunday,3,clear,391.0,26.49,10356.05,0.2715,False
2026-03-23,False,False,False,False,False,False,False,False,False,False,Monday,3,rain,201.0,26.18,5261.33,0.2733,False
2026-03-24,False,False,False,False,False,False,False,False,False,False,Tuesday,3,clear,218.0,23.11,5038.49,0.2769,False
2026-03-25,False,False,False,False,False,False,False,False,False,False,Wednesday,3,rain,191.0,24.74,4725.54,0.2876,False
2026-03-26,False,False,False,False,False,False,False,False,False,False,Thursday,3,rain,187.0,25.19,4711.46,0.3084,False
2026-03-27,False,False,False,False,False,False,False,False,False,False,Friday,3,clear,204.0,23.83,4861.55,0.3022,False
2026-03-28,True,False,False,False,False,False,False,False,False,False,Saturday,3,rain,345.0,25.06,8647.11,0.3043,False
2026-03-29,True,False,False,False,False,False,False,False,False,False,Sunday,3,clear,408.0,24.48,9986.02,0.2763,False
2026-03-30,False,False,False,False,False,False,False,False,False,False,Monday,3,heavy_rain,185.0,19.64,3632.52,0.2921,False
2026-03-31,False,False,False,False,False,False,False,False,False,False,Tuesday,3,clear,187.0,22.9,4283.15,0.3007,False
2026-04-01,False,False,False,False,False,False,False,False,False,False,Wednesday,4,rain,189.0,28.03,5298.31,0.2817,False
2026-04-02,False,False,False,False,False,False,False,False,False,False,Thursday,4,rain,200.0,21.46,4292.37,0.2924,False
2026-04-03,False,False,False,False,False,False,False,False,False,False,Friday,4,clear,195.0,22.06,4302.37,0.3032,False
2026-04-04,True,False,False,False,False,False,False,False,False,False,Saturday,4,rain,359.0,35.95,12907.01,0.2796,False
2026-04-05,True,False,False,False,False,False,False,False,False,False,Sunday,4,rain,359.0,26.87,9645.42,0.2971,False
2026-04-06,False,False,False,False,False,False,False,False,False,False,Monday,4,rain,178.0,27.02,4809.78,0.3177,False
2026-04-07,False,False,False,False,False,False,False,False,False,False,Tuesday,4,rain,204.0,28.08,5728.99,0.2862,False
2026-04-08,False,False,False,False,False,False,False,False,False,False,Wednesday,4,heavy_rain,189.0,28.15,5320.63,0.3087,False
2026-04-09,False,False,False,False,False,False,False,False,False,False,Thursday,4,clear,207.0,21.66,4483.4,0.3039,False
2026-04-10,False,False,False,False,False,False,False,False,False,False,Friday,4,clear,206.0,25.29,5209.53,0.2696,False
2026-04-11,True,False,False,False,False,False,False,False,False,False,Saturday,4,clear,437.0,23.88,10436.26,0.275,False
2026-04-12,True,False,False,False,False,False,False,False,False,False,Sunday,4,rain,390.0,38.89,15168.87,0.2661,False
2026-04-13,False,False,False,False,False,False,False,False,False,False,Monday,4,clear,220.0,21.47,4723.66,0.2814,False
2026-04-14,False,False,False,False,False,False,False,False,False,False,Tuesday,4,clear,213.0,22.93,4883.65,0.292,False
2026-04-15,False,False,False,False,False,False,False,False,False,False,Wednesday,4,clear,210.0,22.95,4819.05,0.3029,False
2026-04-16,False,False,False,False,False,False,False,False,False,False,Thursday,4,rain,188.0,21.73,4084.44,0.3165,False
2026-04-17,False,False,False,False,False,False,False,False,False,False,Friday,4,clear,195.0,30.58,5963.47,0.2921,False
2026-04-18,True,False,False,False,False,False,False,False,False,False,Saturday,4,rain,318.0,38.78,12333.09,0.2797,False
2026-04-19,True,False,False,False,False,False,False,False,False,False,Sunday,4,clear,390.0,27.39,10682.4,0.2596,False
2026-04-20,False,False,False,False,False,False,False,False,False,False,Monday,4,heavy_rain,179.0,22.19,3972.03,0.2994,False
2026-04-21,False,False,False,False,False,False,False,False,False,False,Tuesday,4,clear,215.0,19.88,4273.99,0.2971,False
2026-04-22,False,False,False,False,False,False,False,False,False,False,Wednesday,4,clear,214.0,25.25,5403.38,0.2933,False
2026-04-23,False,False,False,False,False,False,False,False,False,False,Thursday,4,rain,206.0,25.03,5156.48,0.3235,False
2026-04-24,False,False,False,False,False,False,False,False,False,False,Friday,4,heavy_rain,177.0,24.05,4256.02,0.3154,False
2026-04-25,True,False,False,False,False,False,False,False,False,False,Saturday,4,clear,364.0,29.78,10840.18,0.3022,False
2026-04-26,True,False,False,False,False,False,False,False,False,False,Sunday,4,clear,399.0,30.41,12132.92,0.2725,False
2026-04-27,False,False,False,False,False,False,False,False,False,False,Monday,4,rain,190.0,27.03,5135.28,0.2843,False
2026-04-28,False,False,False,False,False,False,False,False,False,False,Tuesday,4,rain,191.0,25.03,4781.14,0.2925,False
2026-04-29,False,False,False,False,False,False,False,False,False,False,Wednesday,4,clear,194.0,22.78,4419.4,0.2843,False
2026-04-30,False,False,False,False,False,False,False,False,False,False,Thursday,4,clear,212.0,28.16,5970.48,0.2949,False
2026-05-01,False,False,False,False,False,False,False,False,False,False,Friday,5,rain,188.0,26.04,4895.35,0.2987,False
2026-05-02,True,False,False,False,False,False,False,False,False,False,Saturday,5,rain,352.0,32.26,11356.32,0.2727,False
2026-05-03,True,False,False,False,False,False,False,False,False,False,Sunday,5,rain,338.0,31.88,10776.8,0.3086,False
2026-05-04,False,False,False,False,False,False,False,False,False,False,Monday,5,clear,207.0,21.92,4537.83,0.2968,False
2026-05-05,False,False,False,False,False,False,False,False,False,False,Tuesday,5,clear,210.0,21.89,4596.72,0.269,False
2026-05-06,False,False,False,False,False,False,False,False,False,False,Wednesday,5,rain,208.0,23.75,4939.25,0.2923,False
2026-05-07,False,False,False,False,False,False,False,False,False,False,Thursday,5,rain,203.0,22.9,4649.67,0.2989,False
2026-05-08,False,False,False,False,False,False,False,False,False,False,Friday,5,rain,205.0,28.47,5835.63,0.3028,False
2026-05-09,True,False,False,False,False,False,False,False,False,False,Saturday,5,clear,400.0,30.25,12099.48,0.2819,False
2026-05-10,True,True,False,False,False,False,False,False,False,True,Sunday,5,clear,734.0,31.08,22798.61,0.2702,False
2026-05-11,False,False,False,False,False,False,False,False,False,False,Monday,5,rain,,,,,True
2026-05-12,False,False,False,False,False,False,False,False,False,False,Tuesday,5,clear,195.0,26.66,5198.54,0.2719,False
2026-05-13,False,False,False,False,False,False,False,False,False,False,Wednesday,5,heavy_rain,163.0,30.03,4894.24,0.2721,False
2026-05-14,False,False,False,False,False,False,False,False,False,False,Thursday,5,clear,188.0,27.51,5171.44,0.3086,False
2026-05-15,False,False,False,False,False,False,False,False,False,False,Friday,5,rain,188.0,26.21,4928.11,0.3111,False
2026-05-16,True,False,False,False,False,False,False,False,False,False,Saturday,5,rain,,,,,True
2026-05-17,True,False,False,False,False,False,False,False,False,False,Sunday,5,clear,379.0,29.4,11143.97,0.312,False
2026-05-18,False,False,False,False,False,False,False,False,False,False,Monday,5,clear,220.0,25.07,5514.87,0.3058,False
2026-05-19,False,False,False,False,False,False,False,False,False,False,Tuesday,5,clear,225.0,23.51,5290.45,0.3014,False
2026-05-20,False,False,False,False,False,False,False,False,False,False,Wednesday,5,clear,234.0,28.29,6619.54,0.2702,False
2026-05-21,False,False,False,False,False,False,False,False,False,False,Thursday,5,clear,206.0,30.16,6213.12,0.3121,False
2026-05-22,False,False,False,False,False,False,False,False,False,False,Friday,5,clear,193.0,25.84,4987.63,0.3008,False
2026-05-23,True,False,False,False,False,False,False,False,False,False,Saturday,5,heavy_rain,345.0,33.93,11705.22,0.2823,False
2026-05-24,True,False,False,False,False,False,False,False,False,False,Sunday,5,clear,356.0,22.89,8150.42,0.2877,False
2026-05-25,False,False,False,False,False,False,False,False,False,False,Monday,5,clear,209.0,25.83,5397.96,0.2944,False
2026-05-26,False,False,False,False,False,False,False,False,False,False,Tuesday,5,clear,230.0,25.88,5951.3,0.2625,False
2026-05-27,False,False,False,False,False,False,False,False,False,False,Wednesday,5,clear,208.0,23.83,4956.2,0.3035,False
2026-05-28,False,False,False,False,False,False,False,False,False,False,Thursday,5,clear,250.0,34.61,8652.65,0.2585,False
2026-05-29,False,False,False,False,False,False,False,False,False,False,Friday,5,clear,210.0,25.79,5416.8,0.296,False
2026-05-30,True,False,False,False,False,False,False,False,False,False,Saturday,5,rain,361.0,27.62,9969.11,0.285,False
2026-05-31,True,False,False,False,False,False,False,False,False,False,Sunday,5,clear,389.0,29.09,11316.2,0.2852,False
2026-06-01,False,False,False,False,False,False,True,True,False,False,Monday,6,heavy_rain,190.0,20.45,3884.63,0.2875,False
2026-06-02,False,False,False,False,False,False,True,True,False,False,Tuesday,6,clear,217.0,23.73,5150.3,0.2895,False
2026-06-03,False,False,False,False,False,False,True,True,False,False,Wednesday,6,clear,232.0,29.26,6787.4,0.3113,False
2026-06-04,False,False,False,False,False,False,True,True,False,False,Thursday,6,rain,228.0,24.11,5497.06,0.3108,False
2026-06-05,False,False,False,False,False,False,True,True,False,False,Friday,6,rain,203.0,23.54,4778.29,0.2993,False
2026-06-06,True,False,True,False,False,False,True,True,False,True,Saturday,6,clear,887.0,31.8,28212.43,0.2496,False
2026-06-07,True,False,False,False,False,False,True,True,False,False,Sunday,6,clear,388.0,34.06,13215.32,0.2966,False
2026-06-08,False,False,False,False,False,False,True,True,False,False,Monday,6,clear,223.0,27.66,6169.09,0.3033,False
2026-06-09,False,False,False,False,False,False,True,True,False,False,Tuesday,6,clear,240.0,24.62,5908.35,0.2753,False
2026-06-10,False,False,False,False,False,False,True,True,False,False,Wednesday,6,clear,226.0,25.26,5709.55,0.2877,False
2026-06-11,False,False,False,False,False,False,True,True,True,False,Thursday,6,clear,290.0,23.61,6846.41,0.2553,False
2026-06-12,False,False,False,False,False,False,True,True,True,False,Friday,6,clear,285.0,23.07,6576.2,0.301,False
2026-06-13,True,False,False,False,False,False,True,True,True,False,Saturday,6,clear,479.0,25.58,12254.72,0.3176,False
2026-06-14,True,False,False,False,False,False,True,True,True,False,Sunday,6,heavy_rain,415.0,26.93,11174.7,0.2907,False
2026-06-15,False,False,False,False,False,False,True,True,True,False,Monday,6,clear,268.0,22.96,6154.37,0.2546,False
2026-06-16,False,False,False,False,False,False,True,False,True,False,Tuesday,6,clear,229.0,21.55,4935.33,0.3022,False
2026-06-17,False,False,False,False,False,False,True,False,True,False,Wednesday,6,clear,247.0,26.69,6593.33,0.2705,False
2026-06-18,False,False,False,False,False,False,True,False,True,False,Thursday,6,clear,230.0,26.74,6150.74,0.2765,False
2026-06-19,False,False,False,False,False,False,True,False,True,False,Friday,6,clear,237.0,31.89,7557.17,0.2882,False
2026-06-20,True,False,False,False,False,False,True,False,True,False,Saturday,6,rain,404.0,26.77,10813.06,0.2943,False
2026-06-21,True,True,False,False,False,False,True,False,True,True,Sunday,6,rain,717.0,30.04,21529.19,0.254,False
2026-06-22,False,False,False,False,False,False,True,False,True,False,Monday,6,rain,244.0,26.99,6586.58,0.2743,False
2026-06-23,False,False,False,False,False,False,True,False,True,False,Tuesday,6,heavy_rain,204.0,25.22,5144.87,0.2938,False
2026-06-24,False,False,False,False,False,False,True,False,True,False,Wednesday,6,heavy_rain,216.0,28.43,6140.71,0.2804,False
2026-06-25,False,False,False,False,False,False,True,False,True,False,Thursday,6,heavy_rain,198.0,28.53,5649.89,0.2725,False
2026-06-26,False,False,False,False,False,False,True,False,True,False,Friday,6,clear,250.0,27.04,6760.46,0.2781,False
2026-06-27,True,False,False,False,False,False,True,False,True,False,Saturday,6,clear,452.0,28.12,12711.99,0.2904,False
2026-06-28,True,False,False,False,False,False,True,False,True,False,Sunday,6,clear,416.0,27.78,11557.36,0.2858,False
2026-06-29,False,False,False,False,False,False,True,False,True,False,Monday,6,clear,245.0,22.06,5405.78,0.2693,False
2026-06-30,False,False,False,False,False,False,True,False,True,False,Tuesday,6,clear,263.0,23.6,6207.67,0.301,False
2026-07-01,False,False,False,False,False,False,True,False,True,False,Wednesday,7,clear,213.0,24.13,5139.69,0.2509,False
2026-07-02,False,False,False,False,False,False,True,False,True,False,Thursday,7,clear,190.0,22.72,4316.69,0.2898,False
2026-07-03,False,False,False,False,False,False,True,False,True,False,Friday,7,clear,204.0,27.41,5591.53,0.2802,False
2026-07-04,True,False,False,False,False,False,True,False,True,False,Saturday,7,clear,431.0,33.48,14429.06,0.2829,False
2026-07-05,True,False,False,False,False,False,True,False,True,False,Sunday,7,clear,393.0,26.01,10220.37,0.3006,False
2026-07-06,False,False,False,False,False,False,True,False,True,False,Monday,7,clear,207.0,26.9,5568.21,0.3065,False
2026-07-07,False,False,False,False,False,False,True,False,True,False,Tuesday,7,rain,193.0,22.97,4432.39,0.2851,False
2026-07-08,False,False,False,False,False,False,True,False,True,False,Wednesday,7,clear,224.0,25.07,5614.75,0.2982,False
2026-07-09,False,False,False,False,False,False,True,False,True,False,Thursday,7,clear,212.0,23.93,5073.79,0.2953,False
2026-07-10,False,False,False,False,False,False,True,False,True,False,Friday,7,clear,198.0,27.95,5533.58,0.2641,False
2026-07-11,True,False,False,False,False,False,True,False,True,False,Saturday,7,clear,371.0,26.73,9917.37,0.3215,False
2026-07-12,True,False,False,False,False,False,True,False,True,False,Sunday,7,clear,363.0,32.74,11885.78,0.266,False
2026-07-13,False,False,False,False,False,False,True,False,True,False,Monday,7,clear,207.0,25.24,5225.62,0.2978,False
2026-07-14,False,False,False,False,False,False,True,False,True,False,Tuesday,7,clear,200.0,24.05,4810.04,0.2996,False
2026-07-15,False,False,False,False,False,False,True,False,True,False,Wednesday,7,clear,216.0,22.37,4831.82,0.2978,False
2026-07-16,False,False,False,False,False,False,True,False,True,False,Thursday,7,rain,199.0,26.8,5333.62,0.2835,False
2026-07-17,False,False,False,False,False,False,True,False,True,False,Friday,7,clear,192.0,28.95,5558.14,0.3021,False
2026-07-18,True,False,False,False,False,False,True,False,True,False,Saturday,7,rain,374.0,29.97,11207.63,0.266,False
2026-07-19,True,False,False,False,False,False,True,False,True,False,Sunday,7,clear,407.0,37.94,15440.8,0.2769,False
